J2000,RA,Dec,z,S_cont[mJy],Radio_Power[log(W/Hz)],Detection,Compact_0_Extended_1,WISE_type_[0_12_1_dp_2_46],RMS_[mJy],3*RMS_[tau],tau_[-],tau_dv[kms],w50_[km/s],dw50_[km/s],w20_[km/s],dw20_[km/s],cen_[km/s],dcen_[km/s],peak_pos_[km/s],Rmag_[SDSS],e_Rmag_[SDSS],Zmag_[SDSS],e_Zmag_[SDSS],Kmag_[2MASS],e_Kmag_[2MASS],W1mag_[WISE],e_W1mag_[WISE],W2mag_[WISE],e_W2mag_[WISE],W3mag_[WISE],e_W3mag_[WISE],W4mag_[WISE],e_W4mag_[WISE],FIRST_peak[mJy],FIRST_integr[mJy]
J075157.32+522309.2,07:51:57,+52:23:09,0.1887022,68.46818328,24.83951984,0,0,0,0.8230000138,0.03627902463,"""""","""""","""""","""""","""""","""""","""""","""""","""""",20.386919,0.02926956,19.476553,0.067496836,14.061,0.064,15.995,0.068,14.701,0.076,11.552,0.171,8.649,"""""",45.43999863,45.65116
J075244.19+455657.4,07:52:44,+45:56:57,0.05169472,55.54265901,23.54600649,0,1,2,0.6169999838,0.03351221927,"""""","""""","""""","""""","""""","""""","""""","""""","""""",14.424078,0.0022230735,13.615051,0.0034578764,12.329,0.035,11.264,0.023,10.827,0.022,8.595,0.024,6.464,0.058,39.86999893,50.15449
J075555.12+420756.7,07:55:55,+42:07:57,0.1499735,57.55723268,24.54409137,0,1,2,1.860000014,0.09854802184,"""""","""""","""""","""""","""""","""""","""""","""""","""""",18.137617,0.009366962,17.294924,0.019462327,15.153,0.139,14.773,0.035,14.593,0.072,12.395,0.396,8.499,"""""",44.68999863,62.95216
J075607.06+383401.0,07:56:07,+38:34:01,0.215605,70.18000031,24.97965917,0,0,1,0.9397305829,0.04100000113,"""""","""""","""""","""""","""""","""""","""""","""""","""""",16.968111,0.0065964153,16.085196,0.017572239,14.563,0.118,14.118,0.044,13.858,0.057,12.418,0.455,8.483,0.42,59.81999969,63.95000076
J075648.71+531256.2,07:56:49,+53:12:56,0.08365778,39.15117309,23.83197501,0,0,1,0.5929999948,0.04578688718,"""""","""""","""""","""""","""""","""""","""""","""""","""""",15.586472,0.002946493,14.798854,0.005374987,13.433,0.068,12.563,0.023,12.523,0.027,12.259,0.336,9.022,"""""",37.68000031,38.97862
J075756.71+395936.1,07:57:57,+39:59:36,0.065777,91.26999664,23.97978898,1,0,0,0.6166594593,0.02047753468,0.04199999943,5.958371598,122.5199966,14.69999981,244.6799927,15.65999985,-22.48999977,5.730000019,-20.12999916,15.4594145,0.002827812,14.772599,0.0054217856,13.603,0.068,12.83,0.024,12.337,0.025,8.766,0.024,5.095,0.028,98.26000214,99.19999695
J075828.10+374711.8,07:58:28,+37:47:12,0.040825,243,23.97541251,0,1,1,0.7257292883,0.008999999613,"""""","""""","""""","""""","""""","""""","""""","""""","""""",12.985612,0.0017034408,12.212498,0.0022716185,12.104,0.072,10.824,0.022,10.777,0.022,9.703,0.042,7.72,0.154,198.5899963,225.5
J075846.99+270515.6,07:58:47,+27:05:16,0.098745,69.05000305,24.23140851,0,0,0,1.253507649,0.05600000173,"""""","""""","""""","""""","""""","""""","""""","""""","""""",17.224146,0.005150518,16.441755,0.010226599,14.121,0.068,12.9,0.026,12.262,0.023,9.585,0.04,7.457,0.126,60.68000031,63.5
J075940.96+505023.9,07:59:41,+50:50:24,0.05436408,42.9148525,23.47946093,0,0,0,0.5460000038,0.03841349012,"""""","""""","""""","""""","""""","""""","""""","""""","""""",15.772059,0.003059473,15.138221,0.005799075,13.295,0.042,12.35,0.026,10.955,0.02,6.695,0.015,3.707,0.017,45.54999924,47.60126
J080041.98+321727.6,08:00:42,+32:17:28,0.187239,104,25.01355478,0,0,1,0.8220954021,0.02400000021,"""""","""""","""""","""""","""""","""""","""""","""""","""""",16.59406,0.0053613572,15.704725,0.011112089,14.349,0.098,13.445,0.028,13.218,0.033,12.62,"""""",8.881,"""""",73.73000336,91.69000244
J080601.51+190614.7,08:06:02,+19:06:15,0.097882,142,24.53637362,1,1,2,1.026583784,0.02192703986,0.09899999946,18.16842379,189.8899994,9.43999958,266.2200012,9.539999962,104.0500031,4.53000021,53.77999878,15.614696,0.0031913111,14.776136,0.006014652,13.211,0.044,12.403,0.025,12.158,0.023,10.08,0.061,7.846,0.202,84.38999939,93.08000183
J080624.94+172503.7,08:06:25,+17:25:04,0.1041438,37.44039312,24.0148769,0,1,1,0.8849999905,0.07176426498,"""""","""""","""""","""""","""""","""""","""""","""""","""""",15.9762745,0.0055382857,15.077934,0.014205387,14.435,0.096,13.307,0.028,13.258,0.033,11.903,0.242,8.908,"""""",34.25,38.8939
J080938.88+345537.2,08:09:39,+34:55:37,0.082493,142.3200073,24.37966147,1,1,2,0.4142972973,0.00854987991,0.008999999613,0.7076885353,82.40000153,24.38999939,108.1500015,25.70000076,-243.2899933,9.149999619,-209.1799927,15.840502,0.0032467062,15.0786705,0.0055053416,13.226,0.04,12.319,0.026,11.99,0.023,10.299,0.062,8.39,0.277,149.7899933,154.8500061
J081040.29+481233.1,08:10:40,+48:12:33,0.07748982,73.17555696,24.03341153,0,0,0,1.960000038,0.08145045814,"""""","""""","""""","""""","""""","""""","""""","""""","""""",15.994994,0.0034190577,15.1795635,0.0061896686,13.121,0.045,12.367,0.026,11.691,0.022,8.002,0.018,4.918,0.03,46.66999817,47.44415
J081601.88+380415.4,08:16:02,+38:04:15,0.1727472,67.85710156,24.75058434,0,1,1,0.9950000048,0.04431520094,"""""","""""","""""","""""","""""","""""","""""","""""","""""",16.464924,0.004849237,15.664333,0.009175249,14.39,0.086,13.423,0.026,13.14,0.032,11.866,0.245,9.143,"""""",33.63000107,157.259
J081827.34+281402.8,08:18:27,+28:14:03,0.225235,46.63000107,24.84481182,0,0,0,0.7136348759,0.04699999839,"""""","""""","""""","""""","""""","""""","""""","""""","""""",17.444365,0.0053530117,16.887484,0.011701914,13.588,"""""",13.882,0.029,13.158,0.034,11.04,0.122,8.673,0.363,80.90000153,84.12000275
J081854.09+224744.8,08:18:54,+22:47:45,0.095831,194,24.65223036,0,1,2,0.707435302,0.01099999994,"""""","""""","""""","""""","""""","""""","""""","""""","""""",15.991039,0.003377472,15.179926,0.006255919,13.556,0.069,12.764,0.025,12.577,0.027,10.803,0.101,8.763,0.381,112.4899979,187
J082028.10+485347.4,08:20:28,+48:53:48,0.132447,124,24.75982438,0,1,1,1.060816318,0.02600000054,"""""","""""","""""","""""","""""","""""","""""","""""","""""",15.751419,0.003809048,14.864601,0.007373534,13.866,0.079,12.929,0.029,12.781,0.029,12.145,0.279,8.537,"""""",68.51999664,184.2599945
J082133.60+470237.3,08:21:33,+47:02:37,0.128009,1239.98785,25.727731,1,1,0,0.699000001,0.001691622444,0.00384176,0.5624680861,41.46562968,3.327925559,47.23621719,4.348315194,-254.3340684,12,-254.3340684,16.893717,0.005127051,16.086456,0.011247613,14.224,0.074,13.298,0.026,12.663,0.027,10.585,0.073,8.919,0.422,353.5299988,962.86
J082209.54+470552.9,08:22:10,+47:05:53,0.1270814,54.94873598,24.36744099,0,0,1,0.9789999723,0.05393169855,"""""","""""","""""","""""","""""","""""","""""","""""","""""",15.685629,0.0044827126,14.84811,0.010210605,14.001,0.067,13.185,0.025,13.072,0.032,11.669,0.202,8.423,"""""",49.93999863,52.63348
J082440.14+410305.6,08:24:40,+41:03:06,0.05798609,75.92587173,23.78568854,0,1,1,0.871999979,0.03465404071,"""""","""""","""""","""""","""""","""""","""""","""""","""""",14.869308,0.0024618697,14.066888,0.0040322333,13.145,0.058,12.205,0.023,12.249,0.027,11.465,0.168,8.527,"""""",36.49000168,82.00181
J082814.20+415351.9,08:28:14,+41:53:52,0.2259919,84.47371423,25.10614664,0,1,1,0.8550000191,0.03051918691,"""""","""""","""""","""""","""""","""""","""""","""""","""""",17.48379,0.006612917,16.683064,0.013763661,14.132,"""""",13.678,0.031,13.276,0.035,12.53,0.478,8.792,"""""",37.74000168,78.69127
J082904.82+175415.8,08:29:05,+17:54:16,0.089467,190,24.57966181,0,1,2,0.7554581919,0.0120000001,"""""","""""","""""","""""","""""","""""","""""","""""","""""",15.621533,0.0031951922,14.865566,0.0058286986,13.604,0.059,12.619,0.024,12.274,0.024,10.13,0.061,7.985,0.227,188.4499969,231.8000031
J083138.83+223422.9,08:31:39,+22:34:23,0.086882,92.55999756,24.24035027,0,1,1,0.6713612599,0.02199999988,"""""","""""","""""","""""","""""","""""","""""","""""","""""",15.482734,0.0029181372,14.636959,0.0050327093,13.25,0.066,12.445,0.023,12.362,0.026,11.246,0.163,8.263,0.256,72.58000183,92.84999847
J083139.79+460800.8,08:31:40,+46:08:01,0.131065,123,24.74641774,0,0,1,0.8921503581,0.02199999988,"""""","""""","""""","""""","""""","""""","""""","""""","""""",16.045607,0.0035302788,15.191941,0.0071623893,13.703,0.058,12.973,0.025,12.838,0.029,12.375,0.345,8.644,"""""",124.4800034,130.7400055
J083411.09+580321.4,08:34:11,+58:03:22,0.093357,46.31000137,24.00587851,0,0,1,0.8552829083,0.05700000003,"""""","""""","""""","""""","""""","""""","""""","""""","""""",15.4120035,0.004566063,14.486526,0.010228427,14.464,0.12,13.112,0.025,13.016,0.029,12.633,0.443,9.185,"""""",50.86999893,53.04000092
J083548.14+151717.0,08:35:48,+15:17:17,0.1683821,45.48449069,24.55230833,1,1,0,1.5,0.1006029493,0.113273,8.049458665,67.5581037,11.57824206,86.04851826,14.99782834,-289.36,31.74054236,-289.3596114,16.709934,0.0046633068,15.969088,0.01080412,14.014,0.072,13.069,0.025,12.366,0.032,9.799,0.078,7.703,0.223,46.31000137,48.6627
J083637.84+440109.6,08:36:38,+44:01:10,0.05542,134,23.99136668,1,0,2,0.6446324323,0.01453722466,0.01600000076,1.36592723,77.91999817,17.37999916,206.3999939,26.79999924,25.67000008,13.27000046,77.52999878,15.204364,0.002668488,14.344777,0.0047554104,13.043,0.04,12.327,0.024,12.254,0.025,9.823,0.044,7.493,0.123,132.4199982,139.3000031
J083903.08+401545.6,08:39:03,+40:15:46,0.1941434,40.06411135,24.63429059,0,1,1,0.6549999714,0.04945173801,"""""","""""","""""","""""","""""","""""","""""","""""","""""",16.853746,0.004966805,15.9983635,0.008919416,14.173,0.069,13.297,0.027,12.917,0.028,11.45,0.144,8.883,0.383,32.88000107,38.54306
J083915.82+285038.7,08:39:16,+28:50:39,0.078961,126,24.28670137,0,1,1,0.9549756834,0.02300000004,"""""","""""","""""","""""","""""","""""","""""","""""","""""",14.249531,0.0020920471,13.449842,0.003477431,12.533,0.038,11.628,0.024,11.605,0.024,10.66,0.104,8.585,0.386,122.9199982,125.9400024
J084307.11+453742.8,08:43:07,+45:37:43,0.191947,331,25.54033957,1,0,2,1.934702703,0.01769063034,0.2730000019,25.85815046,79.16000366,37.16999817,126.75,19.97999954,57.84999847,59.02999878,89.04000092,17.563498,0.0077546765,16.630463,0.017180625,14.65,0.098,13.826,0.027,13.413,0.035,11.279,0.13,8.486,0.258,258.7600098,264.5599976
J084359.13+510524.9,08:43:59,+51:05:25,0.126344,79.02999878,24.51981417,0,1,1,1.058234632,0.04100000113,"""""","""""","""""","""""","""""","""""","""""","""""","""""",15.647318,0.0034854526,14.804474,0.006893584,13.644,0.062,12.803,0.024,12.623,0.025,11.77,0.196,8.555,"""""",63.84000015,77.55000305
J084522.15+112550.4,08:45:22,+11:25:55,0.06623697,159.8747373,24.22956511,0,1,1,1.24000001,0.0233589208,"""""","""""","""""","""""","""""","""""","""""","""""","""""",14.698728,0.0023599723,13.853568,0.0036549764,13.222,0.073,12.171,0.025,12.143,0.024,11.247,0.167,8.995,"""""",124.0400009,168.8203
J084712.92+113350.1,08:47:13,+11:33:50,0.1984133,32.9727158,24.57082401,0,0,0,1.480000019,0.1377724527,"""""","""""","""""","""""","""""","""""","""""","""""","""""",17.386875,0.0050994544,16.82686,0.01074136,14.755,0.101,13.383,0.025,12.773,0.029,10.962,0.121,8.883,0.531,32.72000122,34.37263
J090100.09+103701.7,09:01:00,+10:37:02,0.02945949,45.95740512,22.96089432,0,1,1,0.7820000052,0.05148656288,"""""","""""","""""","""""","""""","""""","""""","""""","""""",13.062085,0.0016418034,12.313881,0.0020886937,11.812,0.064,10.721,0.022,10.787,0.021,9.843,0.047,8.038,0.205,32.38000107,44.85633
J090105.25+290146.9,09:01:05,+29:01:47,0.194045,1670,26.25375993,0,1,2,0.5563884525,0.001000000047,"""""","""""","""""","""""","""""","""""","""""","""""","""""",17.628128,0.006806158,16.921673,0.01498474,15.2,0.19,14.338,0.032,13.857,0.048,11.37,0.175,8.422,"""""",731.6900024,1492.630005
J090206.46+203037.6,09:02:06,+20:30:38,0.08145704,57.01623857,23.97083921,0,1,1,0.6240000129,0.03301373828,"""""","""""","""""","""""","""""","""""","""""","""""","""""",15.421774,0.002837411,14.64008,0.0050495663,13.32,0.062,12.48,0.025,12.46,0.028,11.788,0.269,8.911,"""""",30.68000031,64.919
J090209.87+283042.9,09:02:10,+28:30:43,0.08485197,34.61409733,23.79147404,0,0,1,0.6060000062,0.05298715003,"""""","""""","""""","""""","""""","""""","""""","""""","""""",15.701456,0.0029721954,14.812264,0.005238333,13.115,0.05,12.479,0.024,12.424,0.026,11.708,0.234,8.847,"""""",31.80999947,33.00943
J090325.54+162256.0,09:03:26,+16:22:56,0.1823215,47.81307653,24.65046362,2,0,0,1.25,0.07947387523,0.0949416,8.975029074,163.0155506,43.2155111,187.6676194,41.56056501,2.966170929,36.5822587,-43.12480143,17.609776,0.0068049864,16.727205,0.013199007,14.138,0.059,13.527,0.026,12.898,0.031,8.734,0.029,6.734,0.083,44.25,45.69818
J090343.15+265022.5,09:03:43,+26:50:20,0.084306,81.11000061,24.155377,0,0,1,0.6675376933,0.02500000037,"""""","""""","""""","""""","""""","""""","""""","""""","""""",15.935407,0.0037846428,15.169719,0.007980648,14.258,0.09,13.411,0.028,13.313,0.035,12.469,0.481,8.645,"""""",78.43000031,80.02999878
J090426.55+545805.6,09:04:27,+54:58:06,0.1194043,58.53275582,24.33656341,0,1,1,1.950000048,0.1016467644,"""""","""""","""""","""""","""""","""""","""""","""""","""""",16.149164,0.003511376,15.385843,0.0070480197,13.631,0.06,13.044,0.023,12.894,0.027,11.654,0.159,9.036,"""""",33.25,64.85765
J090615.54+463619.0,09:06:16,+46:36:19,0.084697,273,24.6867073,0,0,2,1.175343737,0.01300000027,"""""","""""","""""","""""","""""","""""","""""","""""","""""",15.599268,0.003011182,14.792115,0.006092257,13.463,0.053,12.611,0.023,12.348,0.026,9.973,0.047,7.358,0.119,306.8099976,313.5700073
J090652.79+412429.7,09:06:53,+41:24:30,0.027358,56.34000015,22.98371469,0,0,1,0.8084046766,0.04399999976,"""""","""""","""""","""""","""""","""""","""""","""""","""""",13.663285,0.0018572881,12.939548,0.0029099605,12.428,0.053,11.354,0.024,11.405,0.022,10.288,0.051,8.399,0.19,56,58.20999908
J090734.91+325722.9,09:07:35,+32:57:23,0.04906128,44.52800751,23.40292342,1,1,0,0.9340000153,0.0635960249,0.420629,27.83665349,91.27928434,37.52073878,129.8095043,40.93055061,2.193715659,4.260581387,2.193715659,14.942137,0.0029332703,14.117592,0.004905882,12.862,0.059,11.455,0.021,10.941,0.021,7.014,0.015,5.04,0.028,37.27999878,42.93795
J090937.44+192808.2,09:09:37,+19:28:08,0.027843,63.33000183,23.05007917,1,0,2,0.683281081,0.03290306609,0.1190000027,14.82255063,118.9300003,5.679999828,181.9799957,6.25,-38.79000092,2.519999981,-33.68999863,13.775998,0.001854166,12.973104,0.002707682,12.115,0.059,11.072,0.022,10.837,0.021,8.107,0.019,6.058,0.043,64.02999878,68.62999725
J091039.92+184147.7,09:10:40,+18:41:48,0.02837947,48.08619991,22.94741164,0,1,1,1,0.06304580772,"""""","""""","""""","""""","""""","""""","""""","""""","""""",13.455233,0.0017938828,12.668312,0.0023575583,12.518,0.066,11.068,0.021,11.112,0.022,10.12,0.061,8.306,"""""",40.13000107,47.35501
J091218.36+483045.1,09:12:18,+48:30:45,0.117168,143.1399994,24.70716679,0,1,1,1.317443093,0.02800000086,"""""","""""","""""","""""","""""","""""","""""","""""","""""",15.521261,0.0030835075,14.690111,0.0060513257,13.514,0.072,12.646,0.024,12.524,0.025,11.569,0.187,8.435,"""""",67.87000275,197.6000061
J091651.94+523828.3,09:16:52,+52:38:29,0.190385,63.00999832,24.81201697,0,1,1,1.104100988,0.0540000014,"""""","""""","""""","""""","""""","""""","""""","""""","""""",16.858665,0.0047724633,16.173567,0.0107620945,14.104,0.079,13.255,0.025,12.814,0.028,11.277,0.128,8.31,"""""",68.83000183,72.55999756
J092151.49+332406.7,09:21:51,+33:24:07,0.0235714,51.16316304,22.81018536,0,1,1,0.6100000143,0.03598285565,"""""","""""","""""","""""","""""","""""","""""","""""","""""",13.012886,0.0016397688,12.307466,0.0022006223,11.559,0.028,10.79,0.023,10.873,0.022,10.077,0.05,8.077,0.198,37.91999817,68.96468
J092405.30+141021.4,09:24:05,+14:10:22,0.1356073,120.0141832,24.76791557,0,0,1,1.470000029,0.03697255211,"""""","""""","""""","""""","""""","""""","""""","""""","""""",17.86362,0.007283801,17.22001,0.015138102,13.933,0.073,13.062,0.025,12.909,0.029,11.663,0.22,8.414,0.28,105.1999969,108.2472
J092445.88+304933.0,09:24:46,+30:49:33,0.2118033,42.31876135,24.74260303,0,1,1,1.570000052,0.1134152266,"""""","""""","""""","""""","""""","""""","""""","""""","""""",17.06776,0.005403004,16.191877,0.011102274,14.461,0.089,13.672,0.026,13.42,0.037,12.13,"""""",8.394,"""""",31.94000053,55.88744
J092511.57+190713.1,09:25:12,+19:07:13,0.1290619,38.22940215,24.22441149,0,0,2,1.029999971,0.08193665828,"""""","""""","""""","""""","""""","""""","""""","""""","""""",16.929333,0.0052573173,16.035295,0.009929824,14.258,0.072,13.713,0.027,13.492,0.037,11.594,0.204,8.559,"""""",39.34999847,40.16518
J092740.64+554548.0,09:27:41,+55:45:48,0.2209782,64.17890638,24.96493,0,1,2,0.8159999847,0.03838793489,"""""","""""","""""","""""","""""","""""","""""","""""","""""",17.424961,0.0060040336,16.60358,0.012601285,14.543,0.087,13.79,0.03,13.421,0.036,11.575,0.184,8.517,"""""",33.97999954,42.271
J093004.05+341326.5,09:30:04,+34:13:25,0.04207806,30.42698093,23.10001694,0,0,1,0.5080000162,0.05050995805,"""""","""""","""""","""""","""""","""""","""""","""""","""""",14.339833,0.0020901675,13.557004,0.003159195,12.365,0.029,11.645,0.021,11.647,0.022,10.128,0.055,8.32,0.273,30.28000069,30.764
J093414.30+241335.1,09:34:14,+24:13:35,0.05039963,30.55205569,23.26355297,0,0,1,0.5960000157,0.05910142582,"""""","""""","""""","""""","""""","""""","""""","""""","""""",14.166596,0.0020290082,13.405405,0.0029664563,12.434,0.061,11.481,0.022,11.497,0.021,10.243,0.065,8.966,0.48,37.72000122,39.57228
J093551.59+612111.3,09:35:52,09:35:52,0.039386,148,23.72800375,1,2,0,0.6079135137,0.01239912364,0.07299999893,33.07745082,536.4299927,9.970000267,825.8400269,10.68000031,-78.08000183,4.489999771,26.18000031,14.090395,0.002211634,13.160413,0.0036934244,11.231,0.034,10.007,0.024,8.319,0.02,5.619,0.014,2.66,0.017,139.9499969,146.7400055
J093609.36+331308.3,09:36:09,+33:13:08,0.076152,60.63000107,23.93574955,0,0,1,0.5972957644,0.02999999933,"""""","""""","""""","""""","""""","""""","""""","""""","""""",15.022404,0.0025236295,14.2294,0.004555396,12.99,0.041,12.277,0.024,12.207,0.025,10.7,0.079,9.003,0.453,53.04000092,55.09999847
J094319.15+361452.1,09:43:19,+36:14:52,0.022336,104,23.07082589,0,0,1,0.6184175185,0.01799999923,"""""","""""","""""","""""","""""","""""","""""","""""","""""",12.877033,0.0016083767,12.201082,0.0022215988,12.09,0.043,11.086,0.023,11.113,0.022,9.666,0.039,7.359,0.101,73.76999664,74.91000366
J094521.33+173753.2,09:45:21,+17:37:53,0.1280691,49.01845753,24.32511424,0,1,0,1.019999981,0.0630841076,"""""","""""","""""","""""","""""","""""","""""","""""","""""",16.737982,0.0042596613,16.471718,0.011195783,14.459,0.075,13.036,0.024,11.135,0.024,6.851,0.016,3.562,0.019,38.68000031,44.45734
J094542.23+575747.7,09:45:42,+57:57:48,0.22893,89.30000305,25.14291905,0,0,0,0.8797379621,0.02999999933,"""""","""""","""""","""""","""""","""""","""""","""""","""""",17.118666,0.0047404673,16.481274,0.009638492,13.852,0.053,12.514,0.024,11.751,0.021,9.403,0.026,7.419,0.078,69.27999878,78.29000092
J100935.70+182601.5,10:09:36,+18:26:01,0.116479,43.70000076,24.18635496,0,1,1,1.227083244,0.08799999952,"""""","""""","""""","""""","""""","""""","""""","""""","""""",15.818452,0.0035366286,15.040233,0.0064837127,13.95,0.068,12.964,0.026,12.801,0.03,11.889,0.29,8.434,"""""",54.47000122,58.66999817
J101256.03+163853.0,10:12:56,+16:38:53,0.1179962,37.56185621,24.13276455,0,0,0,2.960000038,0.246245234,"""""","""""","""""","""""","""""","""""","""""","""""","""""",17.619766,0.006630249,16.925611,0.0134726325,13.951,0.048,11.683,0.024,10.075,0.022,6.784,0.016,4.391,0.03,42.88000107,44.57991
J101542.92+425803.6,10:15:43,+42:58:04,0.1973164,43.26624423,24.68342596,0,0,2,0.7179999948,0.05020248455,"""""","""""","""""","""""","""""","""""","""""","""""","""""",17.575155,0.00774641,16.80147,0.019777087,14.797,0.125,14.389,0.034,14.082,0.048,11.846,0.204,9.049,0.471,41.93999863,42.46312
J102053.67+483124.3,10:20:54,+48:31:24,0.053152,81.84999847,23.73949122,1,1,2,0.8453135137,0.03147289692,0.05000000075,6.514828367,124.8000031,3.619999886,179.1300049,11.06000042,-67.23000336,4.920000076,-11.55000019,15.078438,0.002636016,14.255074,0.0049985424,13.212,0.047,12.431,0.022,12.399,0.026,10.754,0.084,8.122,0.198,71.95999908,74.97000122
J102400.53+511248.1,10:24:01,+51:12:48,0.213932,47.12078348,24.79904333,1,0,1,0.6719999909,0.04309167451,0.0759481,17.71655244,179.1762524,55.83812167,334.8868739,60.6632721,-409.176551,22.0622752,-336.5640925,16.889591,0.0056834593,16.071932,0.013219132,14.495,0.096,13.659,0.028,13.334,0.033,12.725,0.428,8.909,"""""",44.66999817,46.1885
J102544.22+102230.4,10:25:44,+10:22:31,0.04568153,92.82784164,23.65789858,1,0,1,0.9070000052,0.02945646824,0.122247,9.62275783,66.95464163,4.901639555,81.25856826,6.178234535,-15.43439002,6.682759384,-33.4610001,14.359815,0.0023395405,13.334742,0.0034415373,12.311,0.062,11.352,0.025,11.352,0.023,10.114,0.063,8.388,0.297,73.84999847,75.69625
J102838.69+170211.2,10:28:39,+17:02:11,0.1690531,47.53933102,24.57530592,0,1,1,1.220000029,0.07799399792,"""""","""""","""""","""""","""""","""""","""""","""""","""""",16.763006,0.0048348317,15.928249,0.0089085,14.086,0.056,13.49,0.027,13.165,0.033,12.102,0.311,9.025,0.493,39.88000107,44.90148
J103053.58+411316.0,10:30:54,+41:13:16,0.09211595,41.1198549,23.94188285,0,0,1,0.6169999838,0.04535588838,"""""","""""","""""","""""","""""","""""","""""","""""","""""",14.940344,0.0027865598,14.195998,0.0056683715,13.874,0.095,12.69,0.025,12.634,0.027,11.396,0.141,8.55,0.285,41.33000183,43.31199
J103214.01+275601.6,10:32:14,+27:56:02,0.08518728,29.81507219,23.73027455,0,1,0,0.4869999886,0.04940667381,"""""","""""","""""","""""","""""","""""","""""","""""","""""",15.7008,0.0033635825,14.853916,0.0061142296,13.5,0.048,12.368,0.024,11.784,0.023,9.115,0.029,6.819,0.082,34.38999939,35.64915
J103653.01+444818.1,10:36:53,+44:48:18,0.1274313,32.51837566,24.14219371,0,0,2,0.9049999714,0.08467506918,"""""","""""","""""","""""","""""","""""","""""","""""","""""",16.24946,0.0048333085,15.490192,0.012668581,14.621,0.099,13.654,0.026,13.312,0.032,10.96,0.103,8.627,0.314,35.25,35.82407
J103719.33+433515.3,10:37:19,+43:35:15,0.024679,142,23.29403687,0,0,2,0.6113509549,0.01300000027,"""""","""""","""""","""""","""""","""""","""""","""""","""""",13.122331,0.0016780471,12.376813,0.0022684846,11.858,0.073,10.709,0.022,10.75,0.021,8.913,0.024,7.656,0.131,125.6800003,128.8800049
J103932.12+461205.3,10:39:32,+46:12:05,0.1861478,30.80559149,24.47951848,1,1,1,0.9279999733,0.09176239337,0.0859115,14.74987606,86.10087058,9.25470393,127.2629905,12.77816604,3.229959173,6,26.42944928,16.539955,0.0071304343,15.571809,0.015349567,14.765,0.115,13.929,0.027,13.677,0.038,12.371,0.334,8.871,0.407,35.02000046,35.6646
J104029.94+295757.7,10:40:30,+29:57:58,0.090938,407,24.92554145,0,0,2,0.9463506045,0.007000000216,"""""","""""","""""","""""","""""","""""","""""","""""","""""",15.656554,0.0031172638,14.950147,0.006517928,13.359,0.047,12.769,0.024,12.653,0.027,10.271,0.06,8.12,0.212,364.019989,388.3699951
J104609.61+165511.4,10:46:10,+16:55:11,0.206868,63.20999908,24.89390976,0,0,0,0.8059125629,0.0390000008,"""""","""""","""""","""""","""""","""""","""""","""""","""""",17.676962,0.0078251045,16.808859,0.015435073,14.513,0.094,13.818,0.028,13.112,0.034,10.681,0.11,8.128,"""""",68.16999817,69.72000122
J104643.83+315301.1,10:46:44,+31:53:01,0.1165578,38.35382313,24.13031636,0,0,1,1.24000001,0.09859416602,"""""","""""","""""","""""","""""","""""","""""","""""","""""",16.345123,0.004061235,15.548795,0.007916046,14.046,0.072,13.245,0.026,13.135,0.032,11.961,0.257,9.15,"""""",34.02999878,36.81043
J104801.21+151438.4,10:48:01,+15:14:38,0.2161453,46.28349096,24.80132075,0,1,2,0.8370000124,0.05474915918,"""""","""""","""""","""""","""""","""""","""""","""""","""""",17.857319,0.008911043,17.016668,0.018844517,14.699,0.09,14.244,0.032,13.921,0.048,11.989,"""""",9.078,"""""",42.16999817,46.46546
J104931.69+232723.6,10:49:32,+23:27:24,0.06308901,81.23158664,23.891385,0,1,1,0.5730000138,0.02123670812,"""""","""""","""""","""""","""""","""""","""""","""""","""""",15.07805,0.0025267478,14.349687,0.0043566804,13.026,0.048,12.254,0.023,12.256,0.024,11.076,0.153,9.068,"""""",48.56000137,105.5534
J105327.25+205835.9,10:53:27,+20:58:36,0.052639,79.06999969,23.71572592,1,0,2,0.6522216217,0.02505731162,0.02300000004,2.587684905,156.0500031,15.46000004,189.7700043,20.89999962,-58.38999939,6.849999905,-51.47000122,15.565226,0.0030711223,14.641516,0.0051201573,13.203,0.052,12.594,0.032,12.594,0.04,10.306,0.112,8.027,"""""",79.19999695,84.27999878
J105731.17+405646.1,10:57:31,+40:56:46,0.02508807,31.73643723,22.65782753,0,0,1,0.8870000243,0.08504085651,"""""","""""","""""","""""","""""","""""","""""","""""","""""",12.712203,0.0016060995,11.962117,0.0020727601,11.572,0.046,10.56,0.023,10.653,0.021,10.053,0.052,8.527,0.299,46.20999908,47.26571
J110017.98+100256.8,11:00:18,+10:02:57,0.03601862,125.7742196,23.57726447,1,2,0,0.9580000043,0.02293793817,0.230803,42.85082306,101.21841,11.90167058,166.2040663,15.00573001,-15.03820747,3.680900146,2.658659475,14.734493,0.0031742873,13.970186,0.0055581187,13.046,0.076,11.911,0.025,11.193,0.021,7.265,0.016,4.512,0.028,131.4100037,140.2568
J110305.78+191702.2,11:03:06,+19:17:02,0.214267,98.94999695,25.12277536,0,0,1,0.7821763224,0.02400000021,"""""","""""","""""","""""","""""","""""","""""","""""","""""",17.263323,0.005868252,16.435059,0.012976694,14.309,0.07,13.562,0.029,13.209,0.035,11.999,"""""",8.312,"""""",72.91000366,93.12999725
J111113.19+284147.0,11:11:13,+28:41:47,0.02874983,36.42397374,22.83828089,1,0,2,0.8220000267,0.06847829587,0.0926614,18.29810302,180.9848355,28.60492492,211.3795529,31.87195007,54.73451597,14.26299854,-15.0801014,13.261136,0.0017645655,12.491978,0.0027021675,11.827,0.034,11.03,0.022,10.831,0.021,8.762,0.024,6.91,0.071,43.24000168,43.57192
J111622.70+291508.2,11:16:23,+29:15:08,0.045282,72.87999725,23.54496005,0,0,1,0.5998045233,0.02500000037,"""""","""""","""""","""""","""""","""""","""""","""""","""""",13.668625,0.0019204337,12.906994,0.0032699502,12.281,0.029,11.402,0.023,11.462,0.023,10.823,0.098,8.993,0.465,69,73.05999756
J111834.85+614638.2,11:18:35,+61:46:38,0.1923623,38.51581737,24.60824312,0,0,1,0.8600000143,0.06774463071,"""""","""""","""""","""""","""""","""""","""""","""""","""""",17.506802,0.0070788823,16.67248,0.017664842,14.753,0.113,13.961,0.027,13.725,0.035,12.427,"""""",9.421,"""""",38.70000076,40.9143
J111836.00+313638.6,11:18:36,+31:36:33,0.1184652,52.88698897,24.28509218,0,1,1,0.9060000181,0.05183789523,"""""","""""","""""","""""","""""","""""","""""","""""","""""",16.029625,0.004171546,15.190031,0.009960139,14.309,0.087,13.296,0.026,13.191,0.032,12.256,0.357,9.158,"""""",48.77999878,54.28823
J111916.54+623925.7,11:19:17,+62:39:26,0.1101908,32.27648512,24.00287459,1,0,2,1.210000038,0.114628083,0.268819,31.62869971,95.61818787,15.10297121,147.9058391,18.1494461,-119.2226059,12.37792788,-119.2226059,15.256275,0.003136502,14.369581,0.0060995966,13.476,0.062,12.724,0.031,12.611,0.033,10.254,0.06,8.72,0.406,37.25999832,39.23324
J112030.04+273610.7,11:20:30,+27:36:11,0.112516,177,24.76144796,1,0,0,1.461721429,0.02508700331,0.1469999999,10.93064137,62.47999954,1.25,95.5,3.630000114,-107.6399994,2.029999971,-83.45999908,16.887754,0.004473013,15.966788,0.008375939,13.633,0.064,12.72,0.025,11.927,0.024,8.677,0.024,6.674,0.065,151.75,156.75
J112156.70+431456.9,11:21:57,+43:14:57,0.1853565,37.71853819,24.56334192,0,0,2,0.8470000029,0.06813531633,"""""","""""","""""","""""","""""","""""","""""","""""","""""",17.022533,0.005476186,16.175648,0.010907786,14.509,0.099,13.772,0.026,13.576,0.036,11.932,0.225,8.817,"""""",44.65999985,45.74608
J112332.04+235047.8,11:23:32,+23:50:48,0.206981,142.6904798,25.2480494,1,1,1,1.25,0.02639644902,0.104757,5.00713378,156.1921088,13.68153987,184.02899,15.5864583,219.6863805,17.29491587,243.7364923,17.120493,0.005773657,16.241222,0.011491151,14.365,0.078,13.544,0.027,13.24,0.032,11.935,0.235,8.674,"""""",47.79999924,138.7457
J112349.91+201654.4,11:23:50,+20:16:54,0.130406,102,24.66036449,0,1,2,1.169415852,0.03500000015,"""""","""""","""""","""""","""""","""""","""""","""""","""""",16.493944,0.0041071484,15.72256,0.0076413355,14.111,0.061,13.48,0.027,13.129,0.031,10.896,0.101,8.303,0.246,66.33999634,102.1800003
J113142.27+470008.6,11:31:42,+47:00:09,0.125721,99.59999847,24.61564579,0,1,1,0.8844067905,0.0270000007,"""""","""""","""""","""""","""""","""""","""""","""""","""""",16.380178,0.003867724,15.63155,0.008486154,13.911,0.062,13.203,0.024,12.962,0.028,11.684,0.17,8.972,"""""",50.15000153,127.3499985
J113230.99+573109.3,11:32:31,+57:31:09,0.1804157,36.7286168,24.52584223,0,0,1,0.8920000196,0.0737580426,"""""","""""","""""","""""","""""","""""","""""","""""","""""",17.99718,0.0096248565,17.193281,0.021091908,15.133,0.167,14.399,0.049,14.154,0.062,12.793,0.539,8.728,"""""",34.90000153,35.56476
J113359.22+490343.4,11:33:59,+49:03:44,0.031625,168,23.58691319,0,1,1,0.6126243853,0.01099999994,"""""","""""","""""","""""","""""","""""","""""","""""","""""",13.064474,0.0016408985,12.426823,0.0023567579,11.453,0.033,10.828,0.022,10.852,0.02,10.121,0.047,8.613,0.31,115.0400009,166.9700012
J113446.55+485721.9,11:34:47,+48:57:22,0.03156731,44.61748526,23.00948373,0,1,1,0.7509999871,0.05092570075,"""""","""""","""""","""""","""""","""""","""""","""""","""""",13.993811,0.0019257503,13.285549,0.0027156563,11.943,0.035,11.32,0.023,11.382,0.02,10.848,0.085,8.82,"""""",36.61999893,42.772
J113903.77+262142.2,11:39:04,+26:21:42,0.02232846,41.60094261,22.67259846,0,0,0,0.7519999743,0.0547256689,"""""","""""","""""","""""","""""","""""","""""","""""","""""",13.606073,0.0018919695,12.7824745,0.0024426596,11.27,"""""",10.523,0.024,10.097,0.021,6.036,0.014,2.678,0.018,41.02999878,44.37035
J114505.01+193622.8,11:45:05,+19:36:23,0.021596,777,23.91456458,0,1,1,0.7758356714,0.003000000026,"""""","""""","""""","""""","""""","""""","""""","""""","""""",12.45432,0.0015312762,11.747867,0.00195214,11.166,0.037,10.254,0.022,10.207,0.021,8.849,0.027,6.934,0.079,441.5700073,545.3599854
J114520.25+642623.4,11:45:20,+64:26:24,0.06157982,73.94477725,23.82868258,0,1,1,0.6019999981,0.0245235935,"""""","""""","""""","""""","""""","""""","""""","""""","""""",15.653366,0.0029020743,14.886583,0.005565618,13.443,0.058,12.623,0.023,12.626,0.024,11.683,0.139,9.161,"""""",43.88999939,77.71265
J114722.13+350107.5,11:47:22,+35:01:08,0.062894,276,24.41976884,0,1,2,0.5503473118,0.006000000052,"""""","""""","""""","""""","""""","""""","""""","""""","""""",14.581022,0.0021987318,13.820114,0.00369206,12.296,0.036,11.4,0.023,10.99,0.02,8.59,0.022,6.256,0.049,608.8300171,615.3499756
J115531.39+545200.4,11:55:31,+54:52:00,0.04961278,51.46316811,23.4758429,0,0,1,0.5920000076,0.03471014476,"""""","""""","""""","""""","""""","""""","""""","""""","""""",14.835532,0.0024443252,14.031252,0.004028607,12.772,0.059,11.972,0.023,12.001,0.023,11.327,0.115,8.878,0.353,30.13999939,31.76346
J115742.64+330810.4,11:57:43,+33:08:10,0.08033068,39.09793869,23.79427824,0,0,2,0.5680000186,0.0439025378,"""""","""""","""""","""""","""""","""""","""""","""""","""""",16.07769,0.0034353135,15.285186,0.005994354,13.58,0.059,12.637,0.024,12.167,0.024,10.079,0.049,8.051,0.191,30.11000061,31.22929
J115954.66+302727.0,11:59:55,+30:27:27,0.106442,23.44192192,23.83177745,0,0,2,0.8460000157,0.1102695316,"""""","""""","""""","""""","""""","""""","""""","""""","""""",16.330803,0.004011651,15.534758,0.008683371,13.921,0.06,13.17,0.025,12.886,0.029,10.976,0.099,8.821,0.327,39.56000137,39.50968
J120231.12+163741.8,12:02:31,+16:37:42,0.119532,81.59999847,24.4818597,1,0,2,1.139891892,0.04281125401,0.04199999943,7.26546891,174.9799957,37.74000168,301.4700012,50.02999878,-148.3000031,31.29000092,-182.6999969,16.195358,0.005441121,15.218146,0.011578623,14.137,0.076,13.367,0.027,13.194,0.033,10.761,0.092,8.539,"""""",75.37000275,75.87000275
J120255.33+261518.7,12:02:55,+26:15:19,0.1935767,36.38677299,24.58964446,0,0,0,0.5070000291,0.04209485688,"""""","""""","""""","""""","""""","""""","""""","""""","""""",20.59417,0.042316638,19.581116,0.096407846,15.184,0.118,12.908,0.026,11.622,0.022,8.76,0.023,6.088,0.043,43.00999832,44.2472
J120303.50+603119.1,12:03:03,+60:31:20,0.065297,153,24.19750872,0,0,0,0.6083426493,0.0120000001,"""""","""""","""""","""""","""""","""""","""""","""""","""""",15.237175,0.002602336,14.531102,0.003996762,12.597,0.04,11.103,0.022,10.433,0.02,8.17,0.019,6.226,0.049,165.3600006,171.3300018
J120320.81+131934.3,12:03:21,+13:19:31,0.05837052,107.1749553,23.94139202,0,0,1,0.7030000091,0.01974292636,"""""","""""","""""","""""","""""","""""","""""","""""","""""",15.87226,0.0031708016,15.1405,0.0057021216,13.625,0.061,12.856,0.024,12.83,0.028,11.606,0.191,8.971,0.457,105.4599991,110.2814
J120551.46+203119.0,12:05:51,+20:31:19,0.023789,80,23.01242242,1,0,2,0.675318919,0.0256506423,0.03400000185,3.226750063,90.26000214,8.699999809,122.3000031,9.81000042,17.70999908,3.450000048,25.27000046,13.6936,0.0018766674,12.95866,0.002753372,12.17,0.043,11.287,0.021,11.333,0.021,9.485,0.033,7.675,0.136,98.12000275,102.6600037
J120805.55+251414.2,12:08:06,+25:14:14,0.0225275,50.65768585,22.76595521,0,0,1,0.6119999886,0.03646397479,"""""","""""","""""","""""","""""","""""","""""","""""","""""",13.0078535,0.0016367312,12.307436,0.0023597905,11.665,0.048,10.681,0.023,10.736,0.021,9.893,0.043,9.025,0.461,49.93999863,53.37721
J120855.60+464113.8,12:08:56,+46:41:14,0.100955,68.37999725,24.24769879,1,1,2,0.763491892,0.03407013354,0.05200000107,2.481021317,32.09000015,0.8100000024,68.98999786,1.49000001,33.84000015,1.100000024,80.30000305,16.15904,0.003387801,15.424964,0.0059188376,13.55,0.05,12.973,0.025,12.701,0.025,10.874,0.083,8.978,0.375,63.52999878,63.75999832
J121030.47+310518.6,12:10:30,+31:05:19,0.05771094,26.61618963,23.32612721,0,0,1,0.3740000129,0.04245376948,"""""","""""","""""","""""","""""","""""","""""","""""","""""",16.101833,0.0032983443,15.342476,0.00580335,13.636,0.054,13.056,0.025,12.966,0.028,11.692,0.193,8.545,"""""",31.53000069,31.62072
J121329.27+504429.3,12:13:29,+50:44:30,0.030757,110,23.37823469,0,0,1,0.6900900291,0.01899999939,"""""","""""","""""","""""","""""","""""","""""","""""","""""",12.600482,0.0015629483,11.8467245,0.0019944543,11.685,0.066,10.42,0.022,10.425,0.02,9.225,0.027,7.103,0.068,99.65000153,102.7300034
J121856.15+122643.0,12:18:56,+12:26:43,0.09317067,45.73368654,23.9985919,0,0,1,0.5260000229,0.03470406359,"""""","""""","""""","""""","""""","""""","""""","""""","""""",15.293682,0.002895901,14.51532,0.00509822,13.372,0.06,12.593,0.03,12.458,0.027,11.42,0.168,8.313,"""""",35.40999985,39.09602
J122121.94+301037.2,12:21:22,+30:10:37,0.183599,60,24.75577512,0,0,0,0.860920846,0.04399999976,"""""","""""","""""","""""","""""","""""","""""","""""","""""",15.992583,0.004250923,15.674046,0.0065416866,13.829,0.05,12.24,0.023,11.565,0.022,9.507,0.033,7.607,0.126,60.66999817,63.02999878
J122513.09+321401.6,12:25:13,+32:14:02,0.05922794,50.84162578,23.63076741,1,0,1,0.4429999888,0.02625454721,0.149322,10.48570726,54.51480362,11.07949907,125.8963186,13.91568189,168.9525054,10,150.4324414,13.884402,0.002129124,13.061632,0.00390775,13.307,0.113,11.865,0.024,11.902,0.024,10.428,0.059,8.207,0.195,43.79999924,45.99252
J122519.14+162104.6,12:25:19,+16:21:05,0.1970385,28.33216637,24.49818636,0,0,1,0.9739999771,0.1049481245,"""""","""""","""""","""""","""""","""""","""""","""""","""""",17.220518,0.0061084614,16.375845,0.012520187,14.415,0.083,13.878,0.028,13.583,0.036,12.747,0.487,9.159,"""""",46.79999924,48.06677
J122622.51+640622.0,12:26:22,+64:06:22,0.1102391,47.10387439,24.16745348,0,1,1,1.059999943,0.06828157034,"""""","""""","""""","""""","""""","""""","""""","""""","""""",15.52606,0.0030515017,14.732966,0.0055333152,13.573,0.072,12.691,0.023,12.502,0.024,11.463,0.116,8.942,0.343,37.27999878,49.51203
J122823.09+162612.7,12:28:23,+16:26:13,0.229959,116.9199982,25.26435278,0,1,2,0.8861567869,0.02300000004,"""""","""""","""""","""""","""""","""""","""""","""""","""""",17.62739,0.008576806,16.741144,0.017990394,14.657,0.078,14.279,0.033,13.914,0.042,12.147,"""""",8.593,"""""",90.22000122,105.5800018
J123011.85+470022.7,12:30:12,+47:00:23,0.039099,93.76000214,23.52319709,0,0,1,0.58820766,0.01899999939,"""""","""""","""""","""""","""""","""""","""""","""""","""""",13.3069515,0.0017510628,12.589121,0.0026160416,12.401,0.049,11.366,0.023,11.448,0.02,10.506,0.062,8.382,0.241,85.23999786,87.47000122
J123200.55+331747.6,12:32:01,+33:17:48,0.078819,93.83000183,24.15701717,1,1,0,0.561064865,0.01810161777,0.03400000185,3.760826167,145.75,7.25,174.7400055,9.479999542,-49.83000183,4.28000021,-81.38999939,18.312801,0.009430585,17.99674,0.031047659,13.894,0.05,15.116,0.039,14.45,0.056,11.539,0.153,8.969,"""""",60.34999847,101.4700012
J123349.26+502622.7,12:33:49,+50:26:23,0.206843,135,25.22334036,0,1,0,0.669962703,0.01499999966,"""""","""""","""""","""""","""""","""""","""""","""""","""""",17.528728,0.005779678,16.818634,0.012095079,14.602,0.112,13.711,0.026,13.02,0.027,10.771,0.073,8.127,0.194,67.41999817,243.2400055
J123905.13+174457.5,12:39:05,+17:44:58,0.06543157,66.40227139,23.83686736,2,1,1,0.7120000124,0.03234127592,0.0477217,2.71651424,78.49488536,14.2411345,103.5855053,15.72806037,40.053094,7.717540295,58.88549147,14.539154,0.0022835012,13.826176,0.0043512112,12.816,0.049,11.915,0.022,11.907,0.022,11.068,0.109,8.713,"""""",35.09000015,70.8951
J124135.95+162033.6,12:41:36,+16:20:34,0.07021112,40.21487013,23.68317803,0,1,1,0.8379999995,0.06317471874,"""""","""""","""""","""""","""""","""""","""""","""""","""""",15.038588,0.0026321735,14.257898,0.0043272213,12.788,0.055,11.968,0.021,11.96,0.021,10.967,0.086,9.187,"""""",43.45000076,46.91997
J124351.24+185025.9,12:43:51,+18:50:21,0.2279743,30.19199707,24.6678617,0,1,1,0.6299999952,0.06326171372,"""""","""""","""""","""""","""""","""""","""""","""""","""""",17.082119,0.0062997974,16.183115,0.012679177,14.359,0.09,13.65,0.026,13.341,0.031,12.755,0.446,8.741,"""""",31.06999969,32.97533
J124428.54+331546.2,12:44:29,+33:15:46,0.08429627,71.48145884,24.10039021,0,1,1,0.6620000005,0.02791288151,"""""","""""","""""","""""","""""","""""","""""","""""","""""",16.304165,0.0036602123,15.588845,0.00785531,13.929,0.052,13.321,0.024,13.141,0.03,11.602,0.158,8.997,"""""",30.03000069,81.51864
J124707.32+490017.9,12:47:07,+49:00:18,0.20691,1140,26.150226,1,0,0,0.5931891893,0.00156224385,0.002000000095,0.4632580273,369.5799866,82.30999756,586.3200073,51.66999817,-284.8399963,28.45000076,-114.0699997,17.542913,0.0066158897,16.725672,0.014873952,14.588,0.091,13.815,0.027,13.189,0.03,10.794,0.076,8.362,0.225,1037.72998,1212.699951
J124709.68+324705.0,12:47:10,+32:47:05,0.1351299,32.20582008,24.19328105,0,0,0,0.8280000091,0.0781377228,"""""","""""","""""","""""","""""","""""","""""","""""","""""",16.764374,0.005107048,15.922262,0.011298604,14.483,0.082,13.252,0.024,12.546,0.025,10.127,0.047,7.769,0.14,46.38999939,48.50138
J125220.88+395100.9,12:52:21,+39:51:01,0.2252982,26.32460371,24.59678234,0,0,0,0.7710000277,0.08917695616,"""""","""""","""""","""""","""""","""""","""""","""""","""""",18.24269,0.0102102235,17.50165,0.028559368,15.201,0.145,14.374,0.031,13.313,0.032,10.497,0.061,7.758,0.137,30.90999985,31.41408
J125236.90+285150.7,12:52:37,+28:51:51,0.195079,430,25.66966746,0,1,2,0.7148779664,0.004999999888,"""""","""""","""""","""""","""""","""""","""""","""""","""""",17.05448,0.005916102,16.249187,0.012742679,14.509,0.104,13.868,0.028,13.578,0.036,11.869,0.212,9.134,0.461,228.5800018,511.1000061
J125431.43+262040.6,12:54:31,+26:20:41,0.06909731,36.75836697,23.62957834,0,1,1,0.7350000143,0.06059418601,"""""","""""","""""","""""","""""","""""","""""","""""","""""",15.037288,0.0026071053,14.285494,0.0048659127,13.326,0.069,12.35,0.025,12.309,0.025,11.063,0.102,8.545,0.262,33.56999969,37.65039
J125433.26+185602.2,12:54:33,+18:56:02,0.11544,75.83999634,24.41737386,1,0,2,1.903243243,0.07827134549,0.0680000037,4.995345276,60.09999847,0,140.8999939,0,356.2900085,0,405.8299866,16.200624,0.0041627097,15.246721,0.007726363,13.515,0.056,12.692,0.027,12.432,0.026,9.612,0.041,7.624,0.144,80.19000244,83.72000122
J130125.26+291849.5,13:01:25,+29:18:49,0.02339724,35.64257547,22.64665803,1,0,0,0.5080000162,0.04306548513,0.0452007,8.404555592,147.6057508,21.97384178,217.7790047,23.81188811,53.95442703,12,-15.13805249,13.936185,0.002222207,13.182242,0.004130723,12.504,0.056,10.642,0.023,9.394,0.021,5.348,0.015,2.183,0.014,38.34999847,40.10142
J130132.61+463402.7,13:01:33,+46:34:03,0.20552,97,25.07354959,1,0,2,0.669291892,0.02091699219,0.01799999923,4.23568197,172.4100037,41.90000153,584.0999756,85.29000092,-308.8399963,40.27000046,-132.2899933,16.329214,0.0048443056,15.451655,0.010007092,14.059,0.068,13.173,0.023,12.704,0.026,10.379,0.053,7.855,0.143,87.11000061,90.69000244
J130346.59+191617.4,13:03:47,+19:16:17,0.06351,69.51999664,23.82978782,0,1,1,0.8640653808,0.03799999878,"""""","""""","""""","""""","""""","""""","""""","""""","""""",13.747443,0.002337034,12.97674,0.0043502436,13.365,0.089,11.941,0.023,11.992,0.023,11.485,0.165,9.229,"""""",55.93999863,75.59999847
J130556.95+395621.5,13:05:57,+39:56:22,0.153476,35.84139049,24.36034607,2,0,1,1.360000014,0.1160508363,0.0843967,8.20301464,126.2196172,23.11388448,141.493988,26.79414083,-18.955354,16,-40.88289993,17.019386,0.005341859,16.149456,0.010519086,14.387,0.076,13.774,0.027,13.56,0.034,12.853,0.46,8.914,"""""",30.76000023,31.50607
J130619.24+111339.7,13:06:19,+11:13:40,0.08570766,118.9704835,24.33686669,0,1,1,0.9700000286,0.02456010784,"""""","""""","""""","""""","""""","""""","""""","""""","""""",14.844443,0.0025319844,14.116588,0.0041380515,13.286,0.071,12.251,0.023,12.127,0.024,11.071,0.111,8.363,"""""",101.6800003,118.0302
J130621.72+434751.2,13:06:22,+43:47:51,0.202562,136.5399933,25.20799035,0,1,1,0.9458141334,0.02099999972,"""""","""""","""""","""""","""""","""""","""""","""""","""""",16.661415,0.005616687,15.863143,0.011903516,14.674,0.098,13.743,0.027,13.437,0.031,12.827,0.432,9.38,"""""",69.48000336,132.7200012
J130837.91+434415.1,13:08:38,+43:44:15,0.035812,60.81000137,23.2565032,0,0,1,0.6187301378,0.03099999949,"""""","""""","""""","""""","""""","""""","""""","""""","""""",13.299788,0.0017469043,12.543896,0.0024287214,12.091,0.043,11.178,0.023,11.182,0.021,9.687,0.032,7.879,0.137,51.84999847,52.27000046
J131424.68+621945.8,13:14:25,+62:19:46,0.130805,72,24.51197425,0,1,1,0.9871252532,0.04199999943,"""""","""""","""""","""""","""""","""""","""""","""""","""""",15.740489,0.003336543,14.919325,0.006694806,13.716,0.071,12.824,0.022,12.588,0.024,11.168,0.096,8.64,0.262,58.81999969,64.51999664
J131535.10+620728.4,13:15:35,+62:07:29,0.03078696,44.71889883,22.98819898,1,2,0,0.6090000272,0.04113595306,0.0575016,10.52331518,283.0924981,29.74501795,324.3776547,30.35094711,142.392663,15.28578687,142.455614,14.610415,0.0022321031,13.975605,0.0042056646,11.864,0.027,10.822,0.024,10.048,0.019,5.239,0.015,1.927,0.015,41.36999893,45.74645
J131739.20+411545.6,13:17:39,+41:15:46,0.066109,246,24.41496497,1,0,1,0.564237838,0.006904732137,0.03099999949,4.78502218,133.9700012,32.35245125,245.2100067,75.52000427,59.18999863,147.7799988,148.1999969,14.615343,0.0023516617,13.742349,0.0037681437,12.648,0.045,11.867,0.023,11.81,0.022,10.501,0.057,8.62,0.248,247.3999939,248.8600006
J131941.39+162852.5,13:19:41,+16:28:53,0.1587326,12.179018,23.92374703,0,0,1,1.210000038,0.313919645,"""""","""""","""""","""""","""""","""""","""""","""""","""""",16.293753,0.0040636566,15.473027,0.008364693,13.88,0.065,13.228,0.028,13.044,0.031,12.691,0.468,8.682,"""""",47.61000061,48.74597
J132035.40+340821.7,13:20:35,+34:08:22,0.023058,96.59999847,23.06679221,1,2,0,0.601454054,0.01885534768,0.1620000005,46.64405888,272,4.289999962,416.4700012,4.670000076,26.56999969,1.940000057,27.72999954,13.853437,0.0026297672,13.26707,0.003895167,11.864,"""""",10.507,0.023,9.802,0.02,5.314,0.014,2.367,0.014,90.43000031,103.5599976
J132513.37+395553.2,13:25:13,+39:55:53,0.075551,36.81000137,23.71176279,1,0,1,0.5819027027,0.0485862579,0.05299999937,9.458560941,138.1600037,52.70000076,210.5299988,80.30999756,-133.9700012,20.57999992,-133.9700012,14.9288,0.0024641436,14.153959,0.004330136,13.229,0.047,12.446,0.024,12.421,0.025,11.175,0.101,9.054,"""""",55.18000031,56.31999969
J132524.03+492022.7,13:25:24,+49:20:23,0.1867322,35.88561341,24.54882927,0,0,2,1.24000001,0.105496062,"""""","""""","""""","""""","""""","""""","""""","""""","""""",17.471346,0.0071658553,16.532501,0.017630566,14.641,0.111,14.079,0.027,13.806,0.035,11.77,0.158,8.938,"""""",35.18000031,35.24043
J133455.94+134431.7,13:34:56,+13:44:32,0.02312165,26.31430887,22.50443647,1,0,1,1.379999995,0.1616044002,0.15442,15.67559624,130.1442782,8.44240243,150.7343484,18.68158481,-101.1674479,14.06401413,-83.91707216,12.733942,0.0016116113,12.002895,0.0020447813,11.708,0.071,10.445,0.023,10.523,0.021,9.733,0.038,8.443,0.252,32.18000031,33.92355
J133817.24+481629.7,13:38:17,+48:16:31,0.02758319,79.28348333,23.13934366,1,2,0,0.8370000124,0.03183952451,0.10145,7.262549688,139.6063018,15.696023,234.5904772,23.93286624,176.442044,16.80938574,106.6974684,13.829378,0.0019579097,13.11239,0.0031062684,11.771,0.04,10.5,0.022,9.91,0.019,5.654,0.014,2.548,0.017,35.09000015,55.05222
J134035.20+444817.3,13:40:35,+44:48:17,0.065442,36.22000122,23.57377746,1,2,0,0.5632594593,0.04777652118,0.2599999905,12.29789314,43.43000031,8.539999962,62.65000153,2.450000048,-23.25,1.440000057,18.61000061,16.164062,0.0036353818,15.456619,0.008061331,12.704,0.028,11.066,0.023,10.05,0.02,7.202,0.016,4.728,0.026,81.37000275,82.19999695
J134105.10+395945.4,13:41:05,+39:59:45,0.1714548,59.28719416,24.68473857,0,0,2,1.299999952,0.06651341032,"""""","""""","""""","""""","""""","""""","""""","""""","""""",17.491625,0.005431907,16.857515,0.0113554355,14.257,0.067,13.299,0.025,12.896,0.025,11.185,0.075,9.622,0.53,37.38000107,39.8767
J134111.14+302241.3,13:41:11,+30:22:41,0.0403911,38.71865943,23.16821039,2,0,0,0.6610000134,0.05165782956,0.029821,7.777611676,208.4385449,25.28134176,242.0882619,29.77684032,-2.420154,27.9573885,-86.77896042,13.893542,0.00194228,13.206504,0.002674552,11.889,0.039,10.98,0.023,10.138,0.02,6.697,0.015,3.75,0.023,40.09999847,41.27734
J134442.16+555313.5,13:44:42,+55:53:14,0.03734,132,23.63049153,1,2,0,0.5966702703,0.01365347387,0.09099999815,45.2803364,570.0700073,2.119999886,638.3800049,2.109999895,84.88999939,0.07999999821,-95.12999725,14.306264,0.0021424,13.711993,0.0034321772,11.793,0.048,10.397,0.022,9.223,0.02,5.336,0.014,1.796,0.017,120.0500031,132.0200043
J134620.46+130501.6,13:46:20,+13:05:02,0.08107052,46.56514153,23.87855606,0,0,2,0.7039999962,0.04570216989,"""""","""""","""""","""""","""""","""""","""""","""""","""""",15.071731,0.0025789994,14.300371,0.0044660117,13.075,0.048,12.254,0.023,12.222,0.024,10.551,0.058,8.772,"""""",44.61999893,48.56209
J134649.45+142401.7,13:46:49,+14:24:02,0.02155878,161.9959176,23.23213042,1,0,0,0.7990000248,0.01483327984,0.0366784,4.145358699,248.7305603,8.92714039,282.4474379,11.17579127,36.824234,10,88.39334353,14.183492,0.0021499519,13.689887,0.0032321212,11.675,0.03,10.197,0.022,9.315,0.02,5.619,0.015,2.79,0.02,175.9900055,185.5135
J134808.76+304908.9,13:48:09,+30:49:09,0.16919,49.82180521,24.59644763,0,0,1,1.129999995,0.06882599621,"""""","""""","""""","""""","""""","""""","""""","""""","""""",16.918552,0.00575938,16.026037,0.013675677,14.499,0.086,13.824,0.026,13.604,0.036,12.619,0.41,9.358,"""""",46.09999847,46.29103
J134840.10+181716.1,13:48:40,+18:17:16,0.07311739,36.63332388,23.67969835,0,0,0,0.726000011,0.06005109661,"""""","""""","""""","""""","""""","""""","""""","""""","""""",16.281212,0.0039838883,15.4622965,0.0075258757,13.536,0.06,12.27,0.024,10.853,0.02,7.461,0.016,4.714,0.024,37.47000122,38.0539
J135217.88+312646.4,13:52:18,+31:26:46,0.045194,3530,25.22838443,1,1,0,0.8264972973,7.03E-04,0.05700000003,45.2803364,99.94000244,1.00999999,230.8200073,0.4099999964,-141.6000061,0.1800000072,-71.48999786,14.114854,0.00214314,13.250319,0.0036175658,12.399,0.038,11.328,0.023,10.787,0.021,8.124,0.018,5.962,0.038,3336.189941,3702.949951
J135314.08+374113.9,13:53:14,+37:41:14,0.2158554,32.59043023,24.64767143,0,0,1,1.049999952,0.09824541551,"""""","""""","""""","""""","""""","""""","""""","""""","""""",16.768963,0.004238621,16.104128,0.0092078075,13.924,0.052,13.218,0.024,12.746,0.026,11.183,0.102,9.022,"""""",33.27999878,34.18681
J135646.10+102609.0,13:56:46,+10:26:09,0.123134,61.02086604,24.38339629,1,0,0,1.700000048,0.08476426587,0.06138,10.40923995,128.6808033,21.09781143,147.9859604,25.03998802,169.318338,15,85.93251968,15.807345,0.0033852635,15.359826,0.00739612,13.982,0.083,12.849,0.024,11.428,0.022,7.569,0.017,4.078,0.022,57.90000153,59.57724
J135806.05+214021.1,13:58:06,+21:40:21,0.06641577,61.04550138,23.81388633,1,1,1,0.69599998,0.034400475,0.136488,8.171073121,49.70806135,7.51224451,72.3440016,11.2847,2.429676488,3,-16.32024587,14.620929,0.0022472597,13.834585,0.0036410321,12.739,0.043,11.928,0.024,11.921,0.022,11.358,0.116,8.842,"""""",49.86000061,64.22202
J135908.74+280121.3,13:59:09,+28:01:21,0.06446698,34.06251594,23.53349798,0,0,1,0.7760000229,0.06913545639,"""""","""""","""""","""""","""""","""""","""""","""""","""""",14.043323,0.0021771996,13.2903385,0.0042353114,13.008,0.051,11.99,0.023,12,0.022,11.292,0.116,9.365,0.518,42.61000061,45.00405
J135942.61+124412.5,13:59:43,+12:44:13,0.03921458,44.40007731,23.20121161,0,1,1,0.5950000286,0.040474439,"""""","""""","""""","""""","""""","""""","""""","""""","""""",13.646967,0.0018181647,12.865898,0.0024789397,11.893,0.039,11.016,0.021,11.042,0.021,9.864,0.035,8.266,0.198,38.52000046,45.73684
J140026.40+175133.3,14:00:26,+17:51:33,0.050559,87.69999695,23.72435587,0,0,2,0.6361104365,0.02199999988,"""""","""""","""""","""""","""""","""""","""""","""""","""""",14.417041,0.0022362908,13.627791,0.003739285,12.53,0.039,11.784,0.023,11.777,0.022,10.16,0.043,7.866,0.115,95.41000366,97.33000183
J140051.58+521606.5,14:00:52,+52:16:07,0.117887,176,24.80266077,0,0,2,1.219154062,0.02099999972,"""""","""""","""""","""""","""""","""""","""""","""""","""""",16.3456,0.004115159,15.466076,0.008253882,13.696,0.056,13.059,0.025,12.854,0.025,10.467,0.048,9.058,0.34,169.9100037,174.4900055
J140810.47+524048.1,14:08:10,+52:40:48,0.082875,176,24.47613555,0,1,1,1.046552724,0.01799999923,"""""","""""","""""","""""","""""","""""","""""","""""","""""",14.424086,0.002535763,13.648635,0.0046946127,13.403,0.065,12.451,0.024,12.456,0.024,11.519,0.124,8.732,"""""",128.1100006,184.1600037
J140935.47+575841.2,14:09:35,+57:58:42,0.179874,114,25.01485517,0,0,2,1.306994188,0.03500000015,"""""","""""","""""","""""","""""","""""","""""","""""","""""",16.806671,0.004995893,16.057953,0.011731572,14.119,0.065,13.695,0.026,13.423,0.028,11.488,0.105,8.904,"""""",93,97.65000153
J141134.14+294914.1,14:11:34,+29:49:14,0.1860646,12.36274,24.08257307,0,0,1,0.6710000038,0.1674135022,"""""","""""","""""","""""","""""","""""","""""","""""","""""",16.761026,0.0047167023,15.937938,0.009968574,14.064,0.069,13.426,0.025,13.17,0.029,12.094,0.232,8.973,"""""",41.43999863,44.34754
J141149.43+524900.1,14:11:49,+52:49:00,0.076489,393.1400146,24.7516598,0,1,1,0.6535979865,0.004999999888,"""""","""""","""""","""""","""""","""""","""""","""""","""""",14.624148,0.0022687255,13.889452,0.0037785398,12.767,0.05,11.902,0.022,11.727,0.021,10.455,0.05,8.556,0.238,218.3699951,321.5899963
J141203.47+292801.7,14:12:03,+29:28:02,0.1146554,31.47010133,24.02898723,0,1,2,1.379999995,0.1345250183,"""""","""""","""""","""""","""""","""""","""""","""""","""""",16.318161,0.004275293,15.456549,0.010271113,14.043,0.068,13.222,0.025,12.878,0.026,11.001,0.083,8.904,0.348,35.49000168,36.97043
J141557.25+495334.6,14:15:57,+49:53:35,0.1854482,37.86824271,24.56553832,0,1,0,0.7160000205,0.05726609769,"""""","""""","""""","""""","""""","""""","""""","""""","""""",17.498583,0.00559042,17.026928,0.013155077,14.416,0.071,13.551,0.024,12.779,0.023,9.13,0.021,6.642,0.042,33.52999878,39.37357
J141652.95+104826.7,14:16:53,+10:48:27,0.0247117,31.35725483,22.63925587,0,1,1,0.8830000162,0.08569029335,"""""","""""","""""","""""","""""","""""","""""","""""","""""",11.715162,0.0014871599,10.965143,0.0017208898,11.004,0.064,9.844,0.022,9.852,0.02,9.06,0.023,7.164,0.069,34.93000031,65.12
J142210.81+210554.1,14:22:11,+21:05:54,0.191477,84.30000305,24.94396655,1,0,1,0.7396486487,0.0266746409,0.04800000042,8.362017518,179.8200073,14.27999973,274.9299927,22.61000061,-196.0500031,6.230000019,-170.9499969,17.575684,0.0077198246,16.662737,0.014275223,14.973,0.13,14.291,0.028,14.021,0.038,12.479,0.298,8.925,"""""",76.26999664,79.86000061
J142810.35+123711.7,14:28:10,+12:37:12,0.07917418,38.04746643,23.76913659,0,1,1,0.5609999895,0.04456357251,"""""","""""","""""","""""","""""","""""","""""","""""","""""",14.844319,0.0024141974,14.120397,0.0043626325,12.848,0.05,12.14,0.024,12.167,0.022,12.029,0.174,9.315,"""""",32.65999985,48.15864
J142832.60+424021.0,14:28:33,+42:40:21,0.129263,37.08541766,24.21268163,0,1,0,0.7440000176,0.06079729244,"""""","""""","""""","""""","""""","""""","""""","""""","""""",16.143349,0.0042307866,15.572411,0.0069643264,13.532,0.052,12.637,0.023,12.136,0.022,10.344,0.043,8.791,0.273,38.18000031,43.59546
J143418.19+242444.2,14:34:18,+24:24:44,0.0849695,47.45208099,23.9297458,0,0,1,0.5389999747,0.03427149493,"""""","""""","""""","""""","""""","""""","""""","""""","""""",15.032835,0.0028303103,14.360452,0.0059412452,13.29,0.05,12.467,0.022,12.444,0.023,11.473,0.109,9.473,"""""",42.75999832,43.32329
J143521.67+505122.9,14:35:22,+50:51:23,0.099694,141,24.55036233,1,0,2,0.6787783783,0.01454739527,0.01300000027,3.553457839,285.6099854,56.38000107,422.0400085,52.61000061,-66.70999908,24.89999962,-196.0099945,16.090084,0.004451451,15.24878,0.009737816,14.302,0.085,13.647,0.037,13.532,0.043,11.748,0.184,8.509,"""""",138.1600037,140.9600067
J144104.37+532008.7,14:41:04,+53:20:09,0.105024,40.64746201,24.0583715,0,2,0,0.8130000234,0.06061194476,"""""","""""","""""","""""","""""","""""","""""","""""","""""",16.467978,0.0038187117,15.72137,0.0069401837,13.292,0.042,12.358,0.023,10.938,0.021,6.746,0.014,3.75,0.016,37.97999954,39.55034
J144433.70+192121.5,14:44:34,+19:21:22,0.1904973,121.0184991,25.09602934,0,1,1,0.6380000114,0.01585760065,"""""","""""","""""","""""","""""","""""","""""","""""","""""",16.914415,0.005042844,16.044731,0.009394592,14.187,0.084,13.403,0.024,13.048,0.025,11.851,0.128,9.676,0.493,47.18000031,52.93047
J144557.78+173828.6,14:45:58,+17:38:29,0.0653314,270.8879411,24.4460846,0,1,2,1.070000052,0.01187338365,"""""","""""","""""","""""","""""","""""","""""","""""","""""",15.061275,0.0025509507,14.3281765,0.004129763,12.982,0.05,12.277,0.023,12.242,0.024,10.616,0.059,8.672,0.241,41.45999908,164.8037
J144712.76+404744.9,14:47:13,+40:47:45,0.195146,348,25.57811152,0,1,0,0.6939161758,0.006000000052,"""""","""""","""""","""""","""""","""""","""""","""""","""""",17.867208,0.007494511,17.052055,0.018328482,14.808,0.124,14.341,0.027,13.818,0.031,11.691,0.112,9.388,0.392,122.7099991,396.9400024
J144921.58+631614.0,14:49:22,+63:16:14,0.041677,2500,25.00615567,1,1,2,0.8794,0.0010558372,0.004999999888,1.214492391,162.4199982,9.770000458,460.9400024,90.80999756,20.19000053,14.19999981,138.8000031,13.519873,0.001818592,12.854653,0.0025953045,12.125,0.062,11.022,0.023,10.779,0.02,8.084,0.016,5.666,0.031,1948.810059,2922.870117
J145049.40+100649.1,14:50:49,+10:06:49,0.0545324,48.21620137,23.53284258,0,0,1,0.6539999843,0.04097020702,"""""","""""","""""","""""","""""","""""","""""","""""","""""",14.851917,0.0026115652,14.018772,0.005039642,13.154,0.073,11.744,0.025,11.744,0.023,10.378,0.05,8.213,0.185,44.02999878,47.58016
J150034.56+364845.1,15:00:35,+36:48:45,0.066101,60.65999985,23.80682242,1,0,2,0.7030972973,0.03539131831,0.1899999976,20.30188423,100.9700012,15.38000011,161.2599945,54,17.95999908,24.05999947,32.81000137,15.5462675,0.0032233263,14.768387,0.0059248074,13.589,0.061,12.739,0.023,12.634,0.023,9.884,0.031,8.063,0.137,56.02999878,57.02000046
J150151.12+163705.9,15:01:51,+16:37:06,0.1488739,22.61001989,24.13130361,0,1,2,1.019999981,0.1384860006,"""""","""""","""""","""""","""""","""""","""""","""""","""""",16.955786,0.005863853,16.030527,0.011263789,14.491,0.097,13.812,0.026,13.531,0.032,11.294,0.109,9.137,0.411,31.13999939,32.14809
J150457.12+260058.4,15:04:57,+26:00:58,0.053984,190,24.11926251,0,0,1,0.7554581919,0.0120000001,"""""","""""","""""","""""","""""","""""","""""","""""","""""",14.636328,0.0025700866,13.913494,0.0058160094,13.556,0.066,12.332,0.023,12.372,0.023,11.697,0.131,9.176,"""""",65.94000244,68.63999939
J150656.41+125048.6,15:06:56,+12:50:49,0.02227417,66.2663281,22.87264496,0,1,2,1.220000029,0.05574642111,"""""","""""","""""","""""","""""","""""","""""","""""","""""",12.946619,0.0016602905,12.149889,0.0022539317,11.812,0.049,10.719,0.022,10.711,0.021,8.895,0.021,6.873,0.058,50.59000015,75.89505
J150721.87+101844.8,15:07:22,+10:18:45,0.07798509,403.2791257,24.78050388,1,0,2,0.9779999852,0.007284194061,0.00895052,1.292394474,74.07996956,7.23676535,241.1361589,8.782034615,-16.7323,18,59.87791428,15.153682,0.0026606894,14.521846,0.0046431916,12.962,0.061,14.341,0.051,14.057,0.06,11.795,0.188,8.855,"""""",403.4500122,407.8527
J150950.99+155730.3,15:09:51,+15:57:26,0.187373,424,25.62457707,0,0,1,0.7049029251,0.004999999888,"""""","""""","""""","""""","""""","""""","""""","""""","""""",17.094524,0.005277315,16.222635,0.00986293,14.133,0.057,13.409,0.024,12.953,0.026,11.709,0.131,8.966,"""""",393.2000122,406.7000122
J151319.23+343133.7,15:13:19,+34:31:34,0.127249,34.59325805,24.16771209,1,0,2,1.039999962,0.09157452013,0.249075,37.97054087,134.026254,22.93339915,180.4539444,25.96636765,23.92962114,9.762341324,23.92962114,17.279333,0.0058714035,16.499254,0.012817361,14.374,0.085,13.844,0.025,13.575,0.029,10.481,0.041,8.824,0.232,31.12999916,31.99696
J151641.59+291809.2,15:16:42,+29:18:09,0.129882,72.06999969,24.5057282,0,1,2,1.376374385,0.05900000036,"""""","""""","""""","""""","""""","""""","""""","""""","""""",16.323269,0.0038384276,15.532503,0.0076868255,13.918,0.07,12.747,0.023,12.451,0.023,10.61,0.051,8.38,0.175,67.90000153,74.26999664
J151838.90+404500.2,15:18:39,+40:45:00,0.06515995,54.42398787,23.74670243,0,0,1,0.4690000117,0.0259646075,"""""","""""","""""","""""","""""","""""","""""","""""","""""",15.07515,0.0025827964,14.366448,0.0052196993,13.198,0.046,12.327,0.023,12.157,0.022,10.584,0.046,9.091,0.317,44.16999817,45.407
J152045.04+483922.9,15:20:45,+48:39:23,0.07801978,47.00866714,23.84748472,0,1,1,0.5139999986,0.03298311326,"""""","""""","""""","""""","""""","""""","""""","""""","""""",15.962847,0.0032077911,15.154841,0.0054985774,13.36,0.043,12.758,0.022,12.74,0.022,12.011,0.131,9.8,0.515,30.79000092,56.3576
J152115.79+151207.8,15:21:16,+15:12:10,0.214777,405,25.73713816,0,0,1,0.941700233,0.007000000216,"""""","""""","""""","""""","""""","""""","""""","""""","""""",17.738317,0.0073945955,16.850939,0.014635762,15.55,0.157,14.199,0.026,13.911,0.035,12.705,0.334,9.193,"""""",323.8200073,356.980011
J152326.91+283732.5,15:23:27,+28:37:33,0.08242828,89.40929919,24.17706021,0,1,1,0.7059999704,0.02378283301,"""""","""""","""""","""""","""""","""""","""""","""""","""""",14.81238,0.0024614856,14.0302105,0.004454671,13.347,0.086,12.203,0.023,12.185,0.023,11.347,0.092,9.31,0.408,45.97000122,65.36548
J152349.34+321350.2,15:23:49,+32:13:50,0.10999,182,24.75235977,0,0,2,0.9629426287,0.01600000076,"""""","""""","""""","""""","""""","""""","""""","""""","""""",17.020494,0.0047998833,16.32982,0.010287691,14.723,0.107,14.102,0.025,13.894,0.034,12.173,0.187,9.124,0.336,168.3899994,169.2899933
J152446.01+230723.5,15:24:46,+23:07:23,0.215682,40.75510055,24.74397708,1,0,2,0.648999989,0.0481576277,0.0375072,9.465608469,290.2208737,26.31588206,376.9529088,29.54987349,125.04974,16,246.9447209,17.510555,0.005972284,16.72029,0.012985252,14.397,0.072,13.978,0.026,13.627,0.031,10.995,0.069,9.719,0.532,30.78000069,31.60672
J152500.83+332359.8,15:25:01,+33:24:00,0.081559,58.72999954,23.98484381,0,1,1,0.6165361688,0.03200000152,"""""","""""","""""","""""","""""","""""","""""","""""","""""",15.167618,0.0025571682,14.398356,0.004448443,13.217,0.039,12.411,0.023,12.301,0.022,10.927,0.067,9.106,"""""",53.43000031,64.69999695
J152650.94+101320.8,15:26:51,+10:13:21,0.2243406,45.14527321,24.82687278,0,1,1,0.8960000277,0.06013991067,"""""","""""","""""","""""","""""","""""","""""","""""","""""",16.889034,0.00614236,16.011263,0.013516999,14.297,0.105,13.396,0.025,13.164,0.028,12.198,"""""",9.056,"""""",31.23999977,39.65736
J152922.49+362142.2,15:29:22,+36:21:42,0.098934,37.79999924,23.97151494,1,0,2,0.787064865,0.06450168634,0.07500000298,18.35128179,231.5399933,31.62999916,360.1900024,38.04000092,-29.27000046,17.78000069,-19.07999992,15.579261,0.003067281,14.778401,0.005875843,13.545,0.055,14.493,0.074,14.297,0.078,12.08,0.214,8.671,0.402,53.06000137,52.79000092
J153058.19+573625.2,15:30:58,+57:36:25,0.173273,37.76410967,24.49898902,0,1,0,1.779999971,0.144845187,"""""","""""","""""","""""","""""","""""","""""","""""","""""",19.389404,0.014550415,18.928242,0.040399663,14.72,0.111,14.643,0.029,13.787,0.031,11.737,0.111,9.131,0.298,34.22999954,38.38031
J153202.23+301628.9,15:32:02,+30:16:29,0.065335,32.93999863,23.53106847,0,0,2,0.6807051081,0.06400000304,"""""","""""","""""","""""","""""","""""","""""","""""","""""",15.43491,0.0028433998,14.726363,0.0046361447,13.325,0.056,12.447,0.025,12.193,0.023,10.319,0.042,8.168,0.148,58.90999985,61.18000031
J153437.61+251311.4,15:34:38,+25:13:11,0.03394746,43.38651896,23.06212027,1,0,2,0.8830000162,0.06168569476,0.13168,10.91605151,40.88436637,6.263604819,141.0785733,8.108978734,-85.83422805,6.998356987,-85.83422805,15.100189,0.0026386953,14.155178,0.0045525273,12.77,0.051,12.167,0.023,12.115,0.022,10.221,0.039,7.888,0.116,44.58000183,45.5957
J153452.95+290919.8,15:34:53,+29:09:20,0.2009522,48.5717766,24.75139807,1,0,2,0.5720000267,0.03553883128,0.0274758,6.766098153,233.6985399,31.867571,320.135698,35.97108677,26.610297,27.04138607,2.936510926,17.777334,0.008086855,16.813026,0.01944393,14.748,0.151,14.222,0.026,13.975,0.034,12.185,0.182,9.204,"""""",44.52000046,44.41943
J153535.08+134752.7,15:35:35,+13:47:53,0.05240808,25.46760254,23.21973346,0,0,2,0.8560000062,0.1025675282,"""""","""""","""""","""""","""""","""""","""""","""""","""""",15.127052,0.0025889997,14.369627,0.0045394776,12.779,0.04,12.016,0.023,11.724,0.021,9.232,0.027,6.868,0.056,31.5,33.52608
J153901.66+353046.0,15:39:02,+35:30:46,0.077837,90.91000366,24.13176343,0,0,2,0.5703280643,0.01899999939,"""""","""""","""""","""""","""""","""""","""""","""""","""""",16.121977,0.0035252876,15.303364,0.0068241083,13.624,0.05,12.991,0.024,12.855,0.025,11.239,0.077,8.561,0.186,87.86000061,89.15000153
J153935.60+553015.9,15:39:36,+55:30:16,0.0516901,24.17756245,23.18471173,0,0,1,0.5830000043,0.0732262523,"""""","""""","""""","""""","""""","""""","""""","""""","""""",15.347549,0.002868757,14.632645,0.0053468742,13.454,0.058,12.785,0.023,12.782,0.022,11.979,0.13,9.42,"""""",30.01000023,31.49235
J154144.30+472754.8,15:41:44,+47:27:55,0.1103579,82.91655034,24.41404215,0,1,1,0.94599998,0.03442393162,"""""","""""","""""","""""","""""","""""","""""","""""","""""",16.805279,0.0049757217,15.98205,0.010565273,14.276,0.071,13.62,0.027,13.435,0.031,12.626,0.249,9.027,"""""",34.65000153,83.39168
J154146.55+455614.3,15:41:47,+45:56:14,0.2023049,44.0601632,24.71554761,0,0,2,0.9160000086,0.06302671409,"""""","""""","""""","""""","""""","""""","""""","""""","""""",17.134054,0.005932535,16.312628,0.0123265665,14.198,0.067,13.835,0.024,13.432,0.026,10.235,0.03,8.236,0.105,34.47000122,35.68884
J154818.27+573549.3,15:48:18,+57:35:49,0.07422719,32.15141967,23.63680432,0,0,2,0.5519999862,0.05195355557,"""""","""""","""""","""""","""""","""""","""""","""""","""""",14.975077,0.0025660966,14.164879,0.005077059,13.007,0.052,12.153,0.023,12.055,0.022,9.241,0.022,7.857,0.106,36.45999908,37.44676
J154912.33+304716.4,15:49:12,+30:47:16,0.111582,914,25.4666371,0,1,2,1.216232638,0.00400000019,"""""","""""","""""","""""","""""","""""","""""","""""","""""",17.096695,0.0051950514,16.271837,0.009793528,14.447,0.081,13.802,0.025,13.569,0.031,11.818,0.148,9.441,0.495,574.6199951,877.039978
J155343.59+234825.4,15:53:44,+23:48:25,0.117606,168.0399933,24.78032026,0,1,0,1.872441479,0.03400000185,"""""","""""","""""","""""","""""","""""","""""","""""","""""",15.326281,0.0028045818,14.573092,0.004953347,13.224,0.051,11.764,0.022,10.862,0.02,8.286,0.018,6.294,0.043,54.29000092,64.94999695
J155424.12+201125.4,15:54:24,+20:11:25,0.222265,53.51761729,24.89169041,0,1,2,0.7450000048,0.04205535175,"""""","""""","""""","""""","""""","""""","""""","""""","""""",17.154404,0.0051161367,16.384096,0.010759137,14.077,0.075,13.249,0.024,12.767,0.026,11.027,0.104,9.02,0.42,44.90999985,60.85878
J155603.91+242652.8,15:56:04,+24:26:53,0.042538,92.12999725,23.590861,0,1,1,0.6381855705,0.02099999972,"""""","""""","""""","""""","""""","""""","""""","""""","""""",13.968846,0.0019487499,13.186847,0.0031597635,12.338,0.046,11.554,0.023,11.582,0.022,10.568,0.064,8.926,"""""",58.47999954,88.54000092
J155611.61+281133.3,15:56:12,+28:11:33,0.207927,84.13999939,25.02308807,0,1,1,0.6651067945,0.02400000021,"""""","""""","""""","""""","""""","""""","""""","""""","""""",17.331505,0.00616745,16.450861,0.01360499,14.682,0.139,13.674,0.024,13.275,0.026,11.678,0.116,9.37,0.418,54.41999817,81.80000305
J155645.91+334248.9,15:56:46,+33:42:49,0.2068812,75.21886379,24.96951272,0,1,1,0.9639999866,0.03869629993,"""""","""""","""""","""""","""""","""""","""""","""""","""""",17.283968,0.006263373,16.356174,0.014025131,14.565,0.098,13.933,0.025,13.593,0.029,12.749,"""""",9.627,"""""",37.91999817,73.76633
J155902.70+230830.4,15:59:03,+23:08:29,0.1931843,43.30909997,24.66331354,1,0,0,0.7350000143,0.05135006233,0.0449287,17.71519694,441.2798131,22.8168147,520.0675406,25.7697434,96.758026,18.40202628,-20.52795543,17.089518,0.007484034,16.00637,0.012389073,13.923,0.072,12.83,0.024,12.181,0.025,9.668,0.033,7.013,0.071,43.66999817,44.94731
J155953.90+423339.9,15:59:54,+42:33:40,0.2168854,44.19969022,24.78466006,0,0,1,0.574000001,0.03921473521,"""""","""""","""""","""""","""""","""""","""""","""""","""""",17.61401,0.009161214,16.768936,0.02492742,14.928,0.122,14.482,0.027,14.17,0.034,12.937,"""""",9.712,"""""",38.59000015,39.64685
J155953.98+444232.4,15:59:54,+44:42:32,0.04173,57.81999969,23.37142709,0,0,1,0.6814993779,0.03599999845,"""""","""""","""""","""""","""""","""""","""""","""""","""""",14.42894,0.0021708964,13.689868,0.0038405939,12.739,0.052,11.913,0.02,11.966,0.021,10.633,0.046,8.829,"""""",56.20000076,58.81000137
J160246.39+524358.3,16:02:46,+52:43:59,0.105689,577,25.21636936,1,0,2,0.666681081,0.003472300916,0.01499999966,4.580445818,463.6000061,29.76000023,673.6400146,21.60000038,-255.5099945,11.76000023,-25.80999947,15.695717,0.0031442675,14.865925,0.0062141153,13.281,0.048,12.497,0.023,12.344,0.021,9.508,0.023,7.688,0.067,557.4699707,575.7000122
J160332.08+171155.3,16:03:32,+17:11:55,0.03402,278,23.87071522,1,1,1,0.754664865,0.008177207869,0.06599999964,3.500623683,46.97999954,2.589999914,71.69999695,2.849999905,-15.75,1.25,4.480000019,13.431592,0.0017626276,12.715588,0.0025483102,11.697,0.036,10.939,0.024,10.966,0.022,10.372,0.063,8.476,"""""",128.2599945,294.6000061
J160338.06+155402.5,16:03:38,+15:54:03,0.109761,100,24.49034627,1,0,2,1.012939,0.03085946283,0.125,5.113280066,357.7999878,33.70999908,499.8999939,7.260000229,-35.77000046,3.279999971,-149.3099976,15.233935,0.0035376986,14.483366,0.007803623,14.398,0.131,13.087,0.025,12.757,0.027,10.435,0.066,7.795,0.19,85.12000275,93.76000214
J160426.51+174431.1,16:04:27,+17:44:31,0.040894,72.95999908,23.45439548,0,2,2,0.953600807,0.03999999911,"""""","""""","""""","""""","""""","""""","""""","""""","""""",14.102827,0.0019991626,13.296579,0.0032231011,12.301,0.045,11.362,0.023,11.323,0.022,9.395,0.033,7.243,0.092,69.41999817,71.83999634
J160616.03+181459.8,16:06:16,+18:15:00,0.0369,225,23.85148671,0,1,1,0.7462624522,0.009999999776,"""""","""""","""""","""""","""""","""""","""""","""""","""""",13.495764,0.0017687742,12.736186,0.0025136878,12.196,0.077,10.97,0.024,10.938,0.022,9.849,0.044,8.272,0.239,227.2299957,244.0099945
J160821.14+282843.2,16:08:21,+28:28:43,0.050182,113,23.82769389,0,1,1,0.5978709728,0.01600000076,"""""","""""","""""","""""","""""","""""","""""","""""","""""",14.442626,0.002174405,13.675303,0.0036272581,12.837,0.055,11.813,0.022,11.818,0.022,10.707,0.072,8.834,0.326,73.90000153,78.16000366
J160907.18+131908.2,16:09:07,+13:19:08,0.1835673,75.74570924,24.85681595,0,0,1,0.8880000114,0.03537809301,"""""","""""","""""","""""","""""","""""","""""","""""","""""",17.235815,0.00599707,16.39312,0.013606648,14.521,0.086,13.945,0.029,13.689,0.039,12.112,"""""",9.243,"""""",80.40000153,81.60374
J160952.60+133148.0,16:09:53,+13:31:48,0.03572833,33.83686997,22.99982692,1,0,0,1.360000014,0.1230686783,0.159571,22.33006062,281.4336869,26.20357985,308.178743,28.99283251,37.59314627,30.15142531,-103.8779512,15.162533,0.0030596957,14.22572,0.0047357995,12.524,"""""",11.605,0.023,10.784,0.022,7.274,0.016,4.601,0.02,32.38000107,35.48396
J161114.11+265524.2,16:11:14,+26:55:24,0.03192675,69.49003786,23.21198116,0,1,1,0.8870000243,0.03853975418,"""""","""""","""""","""""","""""","""""","""""","""""","""""",13.299957,0.0016902764,12.57486,0.0022284656,11.679,0.038,11.049,0.025,11.126,0.025,10.327,0.064,8.163,"""""",35.81999969,44.60129
J161217.62+282546.4,16:12:18,+28:25:46,0.053138,78.47000122,23.72093825,1,0,1,0.8607243243,0.0334600958,0.06100000069,5.002800708,77.16000366,11.18999958,114.9599991,12.19999981,-20.63999939,4.550000191,1.860000014,14.284739,0.002099955,13.47634,0.0034361964,12.864,0.059,11.765,0.023,11.803,0.022,10.635,0.069,8.404,0.256,79.51000214,80.90000153
J161419.62+502756.2,16:14:20,+50:27:56,0.060258,80.55999756,23.84631283,0,1,1,0.663011152,0.02500000037,"""""","""""","""""","""""","""""","""""","""""","""""","""""",14.457686,0.0022316452,13.707018,0.003535048,12.709,0.042,11.94,0.023,11.877,0.021,10.469,0.037,8.515,0.159,78.83999634,81.40000153
J161541.21+471111.7,16:15:41,+47:11:12,0.198625,134.5500031,25.18259087,0,1,0,1.019777628,0.02300000004,"""""","""""","""""","""""","""""","""""","""""","""""","""""",17.242443,0.005010484,16.54444,0.009063255,13.997,0.072,13.041,0.023,12.296,0.021,10.013,0.028,7.737,0.089,93.41000366,98.08000183
J161740.53+350015.1,16:17:41,+35:00:15,0.02981465,141.1804706,23.45895756,2,1,1,0.8320000172,0.01773179877,0.0376014,1.548332165,113.7644583,16.40681771,134.2749693,17.36630719,-189.9230206,9.47690881,-259.7670005,12.944874,0.001656043,12.23309,0.0023815325,12.29,0.051,11.077,0.022,11.145,0.021,10.152,0.045,8.52,0.253,47.40000153,54.50748
J162318.73+370547.5,16:23:19,+37:05:47,0.2028729,46.91821709,24.74555638,0,1,1,4.989999771,0.3373409548,"""""","""""","""""","""""","""""","""""","""""","""""","""""",17.02276,0.005284248,16.156574,0.011474616,14.199,0.073,13.604,0.025,13.287,0.03,12.397,"""""",8.73,"""""",31.47999954,39.54404
J162424.49+483142.3,16:24:25,+48:31:43,0.057104,67.41999817,23.72017755,0,0,1,0.6641873434,0.02999999933,"""""","""""","""""","""""","""""","""""","""""","""""","""""",14.47227,0.0021896241,13.740981,0.0037338764,12.731,0.044,11.92,0.022,11.926,0.021,11.242,0.064,9.854,0.531,66.26999664,69.01000214
J162839.03+252755.9,16:28:39,+25:27:56,0.2198894,63.49432468,24.95546142,0,1,2,0.7979999781,0.03794309523,"""""","""""","""""","""""","""""","""""","""""","""""","""""",17.280418,0.005340182,16.45748,0.011134232,14.229,0.082,13.517,0.027,13.138,0.031,11.417,0.15,8.59,"""""",46.09999847,51.52944
J163124.69+250309.8,16:31:25,+25:03:10,0.06226562,39.31343555,23.56432209,0,0,1,0.7559999824,0.05825210959,"""""","""""","""""","""""","""""","""""","""""","""""","""""",15.073418,0.0025553997,14.28045,0.004507688,13.063,0.053,12.356,0.025,12.359,0.026,11.868,0.221,9.188,"""""",37.63000107,41.17355
J163804.02+264329.1,16:38:04,+26:43:31,0.06520632,40.63957185,23.62050623,1,0,1,0.8399999738,0.06265834001,0.119611,13.6014364,110.7778982,13.8159962,159.240801,15.02017339,95.882582,6.736278076,95.83739431,16.536674,0.004188946,15.719441,0.0080204755,14.144,0.092,13.304,0.032,13.25,0.037,11.725,0.191,8.661,"""""",34.09000015,35.9436
J163844.80+275439.1,16:38:45,+27:54:39,0.1035078,32.3202908,23.94533783,2,1,1,1.180000019,0.116197595,0.116571,27.44934259,164.0486936,15.64239625,280.2874372,17.71106156,-478.5012571,14,-538.5520371,16.52591,0.00401501,15.697976,0.0075759795,14.08,0.077,13.276,0.025,13.139,0.029,12.602,0.393,8.696,"""""",39.95999908,40.91598
J163956.07+112757.4,16:39:56,+11:27:59,0.07917821,159.3869478,24.39131042,1,0,0,1.659999967,0.03140856051,0.126397,12.5232143,46.59252963,6.99275725,68.09100766,7.576541408,-36.04040752,1.086712042,-55.23776751,19.359089,0.013379024,17.802912,0.01919343,14.736,0.099,13.167,0.025,11.947,0.023,9.011,0.026,6.264,0.048,157.4299927,163.9403
J164331.91+304835.5,16:43:32,+30:48:36,0.1840353,46.68743536,24.6491055,0,0,0,1.299999952,0.08471929743,"""""","""""","""""","""""","""""","""""","""""","""""","""""",17.11643,0.0049153157,16.488678,0.009818888,13.954,0.065,12.701,0.023,11.641,0.022,8.534,0.02,5.998,0.041,63.75999832,65.47673
J164332.24+254206.7,16:43:32,+25:42:07,0.05708649,54.42925915,23.62694307,0,1,1,0.8970000148,0.04985224302,"""""","""""","""""","""""","""""","""""","""""","""""","""""",14.568103,0.0022173559,13.776659,0.0035516147,12.599,0.047,11.753,0.023,11.79,0.022,11.018,0.094,9.149,0.468,34.13000107,39.04601
J164419.97+454644.4,16:44:20,+45:46:44,0.2246368,89.38769996,25.12482656,0,0,2,0.6069999933,0.02044141437,"""""","""""","""""","""""","""""","""""","""""","""""","""""",17.224443,0.0053594983,16.455477,0.011834372,14.262,0.089,13.446,0.025,13.007,0.027,11.312,0.1,9.111,"""""",104.5299988,115.0552
J164516.33+132130.2,16:45:16,+13:21:30,0.1934351,78.15323025,24.9209386,0,1,2,1.190000057,0.04603083422,"""""","""""","""""","""""","""""","""""","""""","""""","""""",18.357885,0.009140452,17.565636,0.023629216,15.06,0.122,14.759,0.035,14.531,0.063,12.168,"""""",9.186,"""""",39.04999924,43.65951
J165240.83+231847.3,16:52:41,+23:18:47,0.1622619,53.80448326,24.5899221,0,1,1,1.049999952,0.05912410863,"""""","""""","""""","""""","""""","""""","""""","""""","""""",16.60904,0.004224343,15.736691,0.00847529,13.698,0.064,13.128,0.025,12.923,0.03,12.753,"""""",9.068,"""""",41.77999878,51.56857
J170528.99+221604.8,17:05:29,+22:16:08,0.04958767,62.65313923,23.56083366,0,1,1,0.4120000005,0.01979281195,"""""","""""","""""","""""","""""","""""","""""","""""","""""",14.0627775,0.002011292,13.275006,0.0030643782,12.465,"""""",11.38,0.023,11.385,0.023,10.367,0.055,8.585,0.258,59.99000168,62.36992
J170727.45+260957.9,17:07:27,+26:09:58,0.1124715,42.73642972,24.14390339,0,0,1,0.6200000048,0.04384137705,"""""","""""","""""","""""","""""","""""","""""","""""","""""",16.606022,0.0046945973,15.759677,0.009885669,13.867,0.057,13.383,0.025,13.246,0.031,11.964,0.201,8.924,"""""",40.93000031,41.99651
J170735.95+353949.6,17:07:36,+35:39:50,0.1639994,103.9111093,24.88591276,0,1,1,0.9539999962,0.02766998536,"""""","""""","""""","""""","""""","""""","""""","""""","""""",17.273813,0.005658857,16.482265,0.013093253,14.542,0.078,13.976,0.027,13.754,0.034,12.61,"""""",8.915,"""""",54.75999832,99.94629
J170815.25+211117.7,17:08:15,+21:11:18,0.2241236,34.35591236,24.70731728,1,0,2,0.9739999771,0.08627975334,0.156931,28.37553669,211.1428931,17.49119435,284.8880875,20.99219544,3.22646,13,3.231051228,17.58871,0.009406664,16.420662,0.016597854,13.812,"""""",13.358,0.025,13.069,0.028,11.33,0.118,8.864,0.339,32.79999924,33.76737
J171056.30+394131.2,17:10:56,+39:41:31,0.06221311,77.57431269,23.85873652,0,1,1,0.6000000238,0.02329375676,"""""","""""","""""","""""","""""","""""","""""","""""","""""",16.116846,0.0034207187,15.267846,0.005472628,12.85,0.048,11.916,0.023,11.967,0.021,11.31,0.1,8.904,0.304,39.11999893,46.98023
J171522.97+572440.3,17:15:23,+57:24:40,0.02730262,45.84426433,22.89238781,0,0,1,0.7009999752,0.04622703005,"""""","""""","""""","""""","""""","""""","""""","""""","""""",12.506726,0.0015424748,11.731419,0.002033822,11.481,0.043,10.345,0.023,10.362,0.021,9.77,0.031,8.573,0.21,48.04000092,49.3468
J171523.73+302824.1,17:15:24,+30:28:24,0.1110589,30.6556318,23.9878163,0,0,1,0.8519999981,0.08455839736,"""""","""""","""""","""""","""""","""""","""""","""""","""""",18.13234,0.0074930782,18.174376,0.03186709,12.361,"""""",10.22,0.024,10.284,0.022,10.194,0.045,8.839,0.295,34.66999817,35.42545
J172223.65+320128.2,17:22:24,+32:01:28,0.2269923,68.37890297,25.01866686,0,1,1,1.080000043,0.04776121505,"""""","""""","""""","""""","""""","""""","""""","""""","""""",17.06819,0.0061965175,16.168705,0.012818547,14.409,0.087,13.595,0.025,13.319,0.029,12.34,0.231,9.674,"""""",30.65999985,65.52